dish_id,bucket,bucket_reason,b_name_raw,b_name_norm,b_kcal,b_prot,b_fat,b_carb,b_weight_g,b_kbzhu_parse_ok,top1_okolo_id,top1_plu,top1_name,top1_name_score,top1_kbju_diff_pct,top1_weight_diff_g,top1_combined,top1_mutual,top2_okolo_id,top2_plu,top2_name,top2_combined,top3_okolo_id,top3_plu,top3_name,top3_combined
1,AUTO,strong_kbju,ФКВ Онигири с филе семги,онигири с филе семги,210,4.5,7.9,30.2,110,True,1835658,4376941,"Онигири с филе семги Перекрёсток Select, 110г",100,0.0,0,1.000,True,1836398,4376944,"Онигири с натуральным крабом Перекрёсток Select, 110г",0.743,1847289,78036007,"Онигири запечённый с курицей сладкий чили, 160г",0.718
2,AUTO,strong_kbju,ФКВ Онигири с креветками белоногими,онигири с креветками белоногими,207.8,7,3.8,36.4,110,True,1835660,4376942,"Онигири с креветками белоногими Перекрёсток Select, 110г",100,0.0,0,1.000,True,1835658,4376941,"Онигири с филе семги Перекрёсток Select, 110г",0.667,1836398,4376944,"Онигири с натуральным крабом Перекрёсток Select, 110г",0.623
3,AUTO,strong_kbju,ФКВ Онигири с натуральным крабом,онигири с натуральным крабом,223,4.2,9.4,30.6,110,True,1836398,4376944,"Онигири с натуральным крабом Перекрёсток Select, 110г",100,0.0,0,1.000,True,1835658,4376941,"Онигири с филе семги Перекрёсток Select, 110г",0.743,1835660,4376942,"Онигири с креветками белоногими Перекрёсток Select, 110г",0.623
4,REVIEW,review_threshold,ФКВ Сэнд-ролл кур.ст/кар.по-дер/с.с.,сэнд ролл кур ст кар по дер с с,152,4.7,6.4,19,315,True,1832504,4383605,"Сэндвич-ролл с куриными стрипсами картофелем по-деревенски и сырным соусом Перекрёсток Select, 315г",56,0.0,0,0.738,False,1389975,4133313,"Сэндвич-ролл Перекрёсток Select с индейкой, 200г",0.683,1503936,4274164,"Сэндвич-ролл с курицей и морковью по-корейски Перекрёсток Select, 200г",0.601
5,AUTO,strong_kbju,ФКВ Сэндвич с ростбифом/соусом адж.,сэндвич с ростбифом соусом адж,450,29,19,40,180,True,1855652,4392892,"Сэндвич с ростбифом и соусом с аджикой Перекрёсток Select, 180г",93,0.0,0,0.957,True,1855651,4392893,"Сэндвич на угольном хлебе с индейкой перцем гриль и пикантным соусом Перекрёсток Select, 180г",0.752,2035717,4420372,"Сэндвич с курицей су-вид ананасами и кисло-сладким соусом Перекрёсток Select, 160г",0.591
6,REVIEW,review_threshold,ФКВ Сэн.на уг.хл.ин/пер.гр/пик.соус.,сэн на уг хл ин пер гр пик соус,390,22,15,43,180,True,1855651,4392893,"Сэндвич на угольном хлебе с индейкой перцем гриль и пикантным соусом Перекрёсток Select, 180г",63,0.0,0,0.776,True,1804126,4372373,"Паста с куриным филе и соусом песто Перекрёсток Select, 250 г",0.464,2062772,4428531,"Соус Барбекю Перекрёсток Select, 30г",0.422
7,REVIEW,review_threshold,ФКВ Чиабатта ол/кур.пр.тр/м-горч.с.,чиабатта ол кур пр тр м горч с,319,10,16,35,210,True,1855527,4399430,"Чиабатта с оливками и курицей в пряных травах и медово-горчичным соусом Перекрёсток Select, 210г",61,0.0,0,0.764,False,2009493,78036514,"Чиабатта с ветчиной сыром и соусом тар-тар, 130г",0.699,2039690,4423500,"Мини-чиабатта с куриной ветчиной омлетом и сыром Перекресток Select, 255г",0.694
78,AUTO,strong_kbju,ФК Сырники с курагой жареные шт.,сырники с курагой жареные шт,217,13.2,7.4,24.4,220,True,1438870,4147836,"Сырники с курагой Перекрёсток Select, 220г",100,0.0,0,1.000,True,1570981,4200603,"Сырники жареные Перекрёсток Select, 110г",0.963,1440678,4201519,"Сырники жареные Перекрёсток Select, 440г",0.963
8,AUTO,strong_kbju,ROSTIC'S Шефролл ОРИГИНАЛЬНЫЙ ФИРМ.,шефролл оригинальный фирм,231,11.6,9.7,24.5,184,True,2028066,4410443,"Шефролл Rostic'S Оригинальный Фирменный, 184г",89,0.0,0,0.933,True,2028099,4410444,"Шефбургер Rostic'S Оригинальный Фирменный, 192г",0.743,2009121,78036474,"Торт Шоколадно-Миндальный, 90г",0.598
9,AUTO,strong_kbju,ROSTIC'S Шефбургер ОРИГИНАЛЬНЫЙ ФИР.,шефбургер оригинальный фир,213,14.1,8.4,20,192,True,2028099,4410444,"Шефбургер Rostic'S Оригинальный Фирменный, 192г",92,0.0,0,0.950,True,2028066,4410443,"Шефролл Rostic'S Оригинальный Фирменный, 184г",0.730,2009121,78036474,"Торт Шоколадно-Миндальный, 90г",0.505
10,REVIEW,review_threshold,ROSTIC'S Байт.ФИРМ.кур.филе с.т.охл.,байт фирм кур филе с т охл,199,16.4,8.9,13.3,194,True,2026770,4410445,"Байтсы Rostic'S Фирменные из куриного филе с соусом терияки, 194г",56,0.0,0,0.739,True,1619510,4364440,"Салат с куриным филе фунчозой и овощами Перекрёсток Select, 220г",0.622,1804126,4372373,"Паста с куриным филе и соусом песто Перекрёсток Select, 250 г",0.621
11,REVIEW,review_threshold,ФКВ Cэн.кур.су-в.ан/кис-сл.с.,cэн кур су в ан кис сл с,194,11.1,3.8,28.9,160,True,2035717,4420372,"Сэндвич с курицей су-вид ананасами и кисло-сладким соусом Перекрёсток Select, 160г",52,0.0,0,0.711,False,2027271,4409320,"Курица с ананасами в кисло-сладком соусе и рисом Перекрёсток Select, 220г",0.649,2024160,4407903,"Блинчики с курицей и грибами в сливочном соусе Перекрёсток Select, 400г",0.572
12,AUTO,strong_kbju,ФКВ Хачапури по-аджарски,хачапури по аджарски,232,12.9,9.5,23.5,250,True,2038309,4422351,"Хачапури Перекрёсток Select, 250г",100,0.0,0,1.000,True,2038308,4422352,"Хачапури по-мегрельски с сулугуни зеленью и грецким орехом Перекрёсток Select, 250г",0.692,2013412,4405773,"Спаржа По-Корейски Перекрёсток Select, 200г",0.614
25,AUTO,strong_kbju,ПЕРЕКР.SEL.Пирожок с вишней,пирожок с вишней,295,5.2,3.3,61.3,90,True,2129020,4442440,"Пирожок с вишней Перекрёсток Select, 90г",100,0.0,0,1.000,True,1803235,4377559,"Блины с вишней Перекрёсток Select, 140 г",0.710,2129018,4442907,"Пирожок с капустой Перекрёсток Select, 90г",0.688
283,REVIEW,review_threshold,ПЕРЕКР.SEL.Кокос,кокос,354,3.3,33.5,6.2,170,True,2125045,4442788,"Кокос Перекрёсток Select, 80г",100,0.0,90,1.000,True,2123375,4441573,"Кокос  Перекрёсток Select, 170г",1.000,1846291,78036191,"Какао, 200мл",0.542
13,REVIEW,review_threshold,ФКВ Хачапури по-мег.сыр.с/зел/гр.ор.,хачапури по мег сыр с зел гр ор,430,13.3,29.4,28.2,250,True,2038309,4422351,"Хачапури Перекрёсток Select, 250г",100,33.4,0,0.867,True,2038308,4422352,"Хачапури по-мегрельски с сулугуни зеленью и грецким орехом Перекрёсток Select, 250г",0.791,1430495,4189743,"Сырнички с грушей и персиком Зелёная Линия, 120г",0.505
14,REVIEW,review_threshold,ФКВ Мини-чиабатта курин.ветч/ом/сыр.,мини чиабатта курин ветч ом сыр,279,9,17,24,255,True,2039690,4423500,"Мини-чиабатта с куриной ветчиной омлетом и сыром Перекресток Select, 255г",78,0.0,0,0.871,True,2009493,78036514,"Чиабатта с ветчиной сыром и соусом тар-тар, 130г",0.728,2123212,78037576,"Чиабатта с курицей и моцарелой, 155г",0.709
15,AUTO,strong_kbju,ПЕРЕКР.SEL.Пирог ОСЕТИНСКИЙ с сыром,пирог осетинский с сыром,285,13,13,30,200,True,2042778,4425835,"Пирог Осетинский с сыром Перекрёсток Select, 200г",100,0.0,0,1.000,True,2044092,4425838,"Пирог Осетинский с курицей и сыром Перекрёсток Select, 200г",0.961,2042777,4425837,"Пирог Осетинский с картофелем и сыром Перекрёсток Select, 200г",0.929
16,REVIEW,review_threshold,ПЕРЕКР.SEL.Пирог ОСЕТИНСКИЙ кар/сыр.,пирог осетинский кар сыр,275,9.5,10,36.5,200,True,2042777,4425837,"Пирог Осетинский с картофелем и сыром Перекрёсток Select, 200г",80,0.0,0,0.880,False,2042778,4425835,"Пирог Осетинский с сыром Перекрёсток Select, 200г",0.854,2044092,4425838,"Пирог Осетинский с курицей и сыром Перекрёсток Select, 200г",0.835
17,REVIEW,review_threshold,ПЕРЕКР.SEL.Пирог ОСЕТИНСКИЙ кур/сыр.,пирог осетинский кур сыр,285,14,10,33,200,True,2044092,4425838,"Пирог Осетинский с курицей и сыром Перекрёсток Select, 200г",83,0.0,0,0.897,False,2042778,4425835,"Пирог Осетинский с сыром Перекрёсток Select, 200г",0.886,2042777,4425837,"Пирог Осетинский с картофелем и сыром Перекрёсток Select, 200г",0.835
18,REVIEW,review_threshold,ПЕРЕКР.SEL. Панини тунц/зап.пер/яйц.,панини тунц зап пер яйц,223,11.2,8.1,26.3,220,True,2047946,4426653,"Панини с тунцом запеченным перцем и яйцом Перекрёсток Select, 220г",72,0.0,0,0.831,True,1494445,4273205,"Запеканка творожная Зелёная Линия, 200г",0.583,1832996,4381913,"Шницель куриный в яйце с картофельным пюре Перекрёсток Select, 210г",0.555
26,AUTO,strong_kbju,ПЕРЕКР.SEL.Пирожок с мясом,пирожок с мясом,365,20,17,31.6,90,True,2129019,4442906,"Пирожок с мясом Перекрёсток Select, 90г",100,0.0,0,1.000,True,2129018,4442907,"Пирожок с капустой Перекрёсток Select, 90г",0.713,2116980,4437477,"Блинчики с мясом Перекрёсток Select, 240г",0.673
284,AUTO,strong_kbju,ПЕРЕКР.SEL.Ананас,ананас,52,0.3,0.1,11.8,300,True,2123376,4441625,"Ананас  Перекрёсток Select, 300г",100,0.0,0,1.000,True,2123190,4441572,"Ананас  Перекрёсток Select, 140г",1.000,2123416,4441668,"Смесь ананас-клубника-голубика Перекресток Select, 200г",0.969
19,REVIEW,review_threshold,ПЕРЕКР.SEL.Сэндвич-ролл кур/гр.конф.,сэндвич ролл кур гр конф,285.1,14,13.1,27.8,165,True,2047947,4427504,"Сэндвич-ролл с курицей и грушевым конфитюром Перекрёсток Select, 165г",71,0.0,0,0.824,True,1390315,4133312,"Сэндвич-ролл Перекрёсток Select Цезарь, 200г",0.778,2031834,4403479,"Сэндвич-ролл Цезарь с креветками Перекрёсток Select, 175г",0.714
20,REVIEW,review_threshold,ПЕРЕКР.SEL.Конверт.кур/сыр/том.зел.,конверт кур сыр том зел,268.7,10.1,13.9,25.8,140,True,2048521,4428799,"Конвертики с курицей сыром и томатами Перекрёсток Select, 140г",67,0.0,0,0.800,False,2048517,4428800,"Конвертики с творогом и зеленью Перекрёсток Select, 140г",0.784,1617091,78034824,"Грилата с курицей и сыром, 100г",0.641
21,AUTO,strong_kbju,ПЕРЕКР.SEL.Конвертики творогом/зел.,конвертики творогом зел,260.2,10.1,12.6,26.6,140,True,2048517,4428800,"Конвертики с творогом и зеленью Перекрёсток Select, 140г",90,0.0,0,0.943,True,2025176,4407905,"Блинчики с творогом Перекрёсток Select, 160г",0.749,2048521,4428799,"Конвертики с курицей сыром и томатами Перекрёсток Select, 140г",0.748
22,REVIEW,review_threshold,ПЕРЕКР.SEL.Тортилья кур.филе/хаш/ов.,тортилья кур филе хаш ов,220,3.2,15.1,16.9,245,True,2067972,4428967,"Тортилья с куриным филе хашбрауном и овощами Перекрёсток Select, 245г",71,0.0,0,0.824,True,2123815,78037575,"Круассан Цезарь с филе цыплёнка, 150г",0.610,1619510,4364440,"Салат с куриным филе фунчозой и овощами Перекрёсток Select, 220г",0.551
23,AUTO,strong_kbju,ПЕРЕКР.SEL.Кутабы с сыром/помидор.,кутабы с сыром помидор,242.3,9.6,10.7,26.9,150,True,2107794,4429868,"Кутабы с сыром и помидорами Перекрёсток Select, 150г",90,0.0,0,0.939,True,2107885,4429869,"Кутабы с зеленью Перекрёсток Select, 150г",0.755,1617091,78034824,"Грилата с курицей и сыром, 100г",0.694
24,AUTO,strong_kbju,ПЕРЕКР.SEL.Кутабы с зеленью,кутабы с зеленью,240.6,7.8,9.4,31.2,150,True,2107885,4429869,"Кутабы с зеленью Перекрёсток Select, 150г",100,0.0,0,1.000,True,1617090,78034825,"Грилата с брынзой и зеленью, 100г",0.777,2048517,4428800,"Конвертики с творогом и зеленью Перекрёсток Select, 140г",0.762
27,AUTO,strong_kbju,ПЕРЕКР.SEL.Пирожок с капустой,пирожок с капустой,252,5.5,12.2,30,90,True,2129018,4442907,"Пирожок с капустой Перекрёсток Select, 90г",100,0.0,0,1.000,True,2129019,4442906,"Пирожок с мясом Перекрёсток Select, 90г",0.713,2129020,4442440,"Пирожок с вишней Перекрёсток Select, 90г",0.688
28,AUTO,strong_kbju,ФК Сэндвич-ролл Цезарь шт.,сэндвич ролл цезарь шт,278,9.3,17.5,20.7,200,True,1390315,4133312,"Сэндвич-ролл Перекрёсток Select Цезарь, 200г",100,0.0,0,1.000,True,2031834,4403479,"Сэндвич-ролл Цезарь с креветками Перекрёсток Select, 175г",0.946,2108555,78037330,Сэндвич-ролл Цезарь 100г,0.837
29,AUTO,strong_kbju,ФК Сэндвич-ролл с индейкой шт.,сэндвич ролл с индейкой шт,189,7.4,6.8,25.1,200,True,1389975,4133313,"Сэндвич-ролл Перекрёсток Select с индейкой, 200г",100,0.0,0,1.000,True,1390315,4133312,"Сэндвич-ролл Перекрёсток Select Цезарь, 200г",0.733,2031834,4403479,"Сэндвич-ролл Цезарь с креветками Перекрёсток Select, 175г",0.683
30,REVIEW,review_threshold,ФК Сэндвич-ролл с кур/морк по-к шт.,сэндвич ролл с кур морк по к шт,258,10.9,9.8,31.4,200,True,1503936,4274164,"Сэндвич-ролл с курицей и морковью по-корейски Перекрёсток Select, 200г",74,0.0,0,0.842,True,2108555,78037330,Сэндвич-ролл Цезарь 100г,0.771,1390315,4133312,"Сэндвич-ролл Перекрёсток Select Цезарь, 200г",0.765
31,AUTO,strong_kbju,ФКВ Круассан с ветчиной и сыром шт.,круассан с ветчиной и сыром шт,240,8.4,9.8,28.5,115,True,1601263,4310836,"Круассан с ветчиной и сыром Перекрёсток Select, 115г",100,0.0,0,1.000,True,2022012,78036652,"Круассан с ветчиной и сыром, 170г",0.918,2123816,78037574,"Круассан с ветчиной, сыром и горчичным соусом, 185г",0.880
32,REVIEW,review_threshold,ФКВ Сэндвич с курицей тер/твор.сыр.,сэндвич с курицей тер твор сыр,216,9.9,8.3,24.7,200,True,1613899,4358604,"Сэндвич с курицей терияки и творожным сыром Перекрёсток Select, 200г",82,0.0,0,0.893,True,1405242,4175864,"Вок с курицей Перекрёсток Select, 250г",0.815,1828722,4381912,"Плов с курицей Перекрёсток Select, 300г",0.766
44,AUTO,strong_kbju,ФК Каша гречневая со сливочным масл.,каша гречневая со сливочным масл,192,5.4,7.2,26.5,200,True,2039267,4416808,"Каша гречневая со сливочным маслом Перекрёсток Select, 200г",97,0.0,0,0.982,True,2042810,4424682,"Паста с вешенками и куриным филе в сливочном соусе Перекрёсток Select, 250г",0.641,2045008,4425860,"Суп  Сливочный с треской креветками и песто Перекрёсток Select, 300г",0.585
33,AUTO,strong_kbju,ФКВ Сэндвич с ветчиной/сыр.моцар.,сэндвич с ветчиной сыр моцар,326,13.7,19.8,22.4,200,True,1613901,4358607,"Сэндвич с ветчиной и сыром моцарелла Перекрёсток Select, 200г",88,0.0,0,0.925,True,2068843,78037244,"Клаб Сэндвич двойной с ветчиной и сыром, 90г",0.816,2031112,4410399,"Сэндвич-ролл с ветчиной и португальским салатом Перекрёсток Select, 185г",0.792
34,REVIEW,review_threshold,ФКВ Круассан кур.филе су-вид/сл.пес.,круассан кур филе су вид сл пес,353,11,21,30,135,True,1802370,4371198,"Круассан с куриным филе су-вид и сливочным песто Перекрёсток Select, 135г",78,0.0,0,0.871,True,1802373,4376483,"Круассан с филе копченого лосося, сливочным сыром и рукколой Перекрёсток Select, 110г",0.738,2123815,78037575,"Круассан Цезарь с филе цыплёнка, 150г",0.624
35,REVIEW,review_threshold,ФКВ Круас.с филе коп.лос/сл.сыр/рук.,круас с филе коп лос сл сыр рук,357,10,21,32,110,True,1802373,4376483,"Круассан с филе копченого лосося, сливочным сыром и рукколой Перекрёсток Select, 110г",69,0.0,0,0.813,True,1802370,4371198,"Круассан с куриным филе су-вид и сливочным песто Перекрёсток Select, 135г",0.703,2123815,78037575,"Круассан Цезарь с филе цыплёнка, 150г",0.587
36,REVIEW,review_threshold,"ФК Сэндвич-ролл Цезарь с кревет, шт",сэндвич ролл цезарь с кревет шт,286,9.6,18.3,20.7,175,True,1390315,4133312,"Сэндвич-ролл Перекрёсток Select Цезарь, 200г",100,2.6,25,0.990,True,2031834,4403479,"Сэндвич-ролл Цезарь с креветками Перекрёсток Select, 175г",0.933,2108555,78037330,Сэндвич-ролл Цезарь 100г,0.809
37,AUTO,strong_kbju,ФК Клаб Сэндвич двойной с бужениной,клаб сэндвич двойной с бужениной,234,7.7,9.6,29.2,180,True,2029149,4410398,"Клаб Сэндвич двойной с бужениной Перекрёсток Select, 180г",100,0.0,0,1.000,True,2068844,78037243,"Клаб Cэндвич двойной с бужениной, 90г",0.905,2127975,4437243,"Клаб Сэндвич двойной с ветчиной и сыром Перекрёсток Select, 190г",0.818
45,AUTO,strong_kbju,ФК Картофель отварной с укропом,картофель отварной с укропом,88,2.2,1.5,16.5,200,True,2039269,4416810,"Картофель отварной с укропом Перекрёсток Select, 200г",100,0.0,0,1.000,True,2037851,4417738,"Котлета куриная с картофельным пюре Перекрёсток Select, 250г",0.539,2113111,4436367,"Гратен картофельный с мясом Перекрёсток Select, 340г",0.513
46,AUTO,strong_kbju,ФК Пюре картофельное,пюре картофельное,92,1.7,4.3,11.6,200,True,2039268,4416811,"Пюре картофельное Перекрёсток Select, 200г",100,0.0,0,1.000,True,1572201,4298576,"Пюре картофельное Перекрёсток Select, 450г",1.000,2042920,4415660,"Котлеты куриные с картофельным пюре Перекрёсток Select, 450г",0.630
47,EXTERNAL_BRAND,external_brand,ЗЕЛ.ЛИН.Сырники творожные 5%,сырники творожные 5%,205,14,5,26,1,True,1304736,3671520,Сырники творожные 5% Зелёная Линия,100,0.0,,1.000,True,1570981,4200603,"Сырники жареные Перекрёсток Select, 110г",0.742,1440678,4201519,"Сырники жареные Перекрёсток Select, 440г",0.742
38,REVIEW,review_threshold,ФК Сэндвич-ролл с ветчиной/порт.сал.,сэндвич ролл с ветчиной порт сал,271,8.6,17.3,20,185,True,2031112,4410399,"Сэндвич-ролл с ветчиной и португальским салатом Перекрёсток Select, 185г",84,0.0,0,0.902,True,1390315,4133312,"Сэндвич-ролл Перекрёсток Select Цезарь, 200г",0.850,1613901,4358607,"Сэндвич с ветчиной и сыром моцарелла Перекрёсток Select, 200г",0.764
39,AUTO,strong_kbju,ФК Шаурма с курицей/помидором/огур.,шаурма с курицей помидором огур,240,10.6,10,26.8,210,True,2036278,4410400,"Шаурма с курицей помидором и огурцом Перекрёсток Select, 210г",93,0.0,0,0.955,True,2117518,78037358,"Шаурма с курицей-помидором-огурцом, 210г",0.924,1405242,4175864,"Вок с курицей Перекрёсток Select, 250г",0.797
40,AUTO,strong_kbju,ФК Сэндвич двойной с лососем/тв.сыр.,сэндвич двойной с лососем тв сыр,186,8.6,8.5,18.8,185,True,2065427,4422195,"Сэндвич двойной с лососем и творожным сыром Перекрёсток Select, 185г",88,0.0,0,0.926,True,2110929,78037360,"Сэндвич двойной с лососем и творожным сыром, 90г",0.910,2127975,4437243,"Клаб Сэндвич двойной с ветчиной и сыром Перекрёсток Select, 190г",0.734
41,UNMATCHED,generic_a_collision,ФК Клаб Сэндвич двойной с куриц/бек.,клаб сэндвич двойной с куриц бек,312,7.5,21.2,22.6,200,True,2120925,78037531,"Клаб Сэндвич двойной с курицей и беконом, 100г",89,0.0,100,0.933,True,2116059,4435181,"Клаб Сэндвич двойной с курицей и беконом Перекрёсток Select, 200г",0.933,2127975,4437243,"Клаб Сэндвич двойной с ветчиной и сыром Перекрёсток Select, 190г",0.822
42,AUTO,strong_kbju,ФК Клаб Сэндвич двойной с ветч/сыр.,клаб сэндвич двойной с ветч сыр,244,7.7,14.8,19.9,190,True,2127975,4437243,"Клаб Сэндвич двойной с ветчиной и сыром Перекрёсток Select, 190г",89,0.0,0,0.931,True,2068843,78037244,"Клаб Сэндвич двойной с ветчиной и сыром, 90г",0.874,2120925,78037531,"Клаб Сэндвич двойной с курицей и беконом, 100г",0.832
43,REVIEW,review_threshold,ФК Пюре картофельное шт.,пюре картофельное шт,92,1.7,4.3,11.6,450,True,2039268,4416811,"Пюре картофельное Перекрёсток Select, 200г",100,0.0,250,1.000,True,1572201,4298576,"Пюре картофельное Перекрёсток Select, 450г",1.000,2042920,4415660,"Котлеты куриные с картофельным пюре Перекрёсток Select, 450г",0.631
48,EXTERNAL_BRAND,external_brand,ЗЕЛ.ЛИН.Сырнички с вареной сгущенк.,сырнички с вареной сгущенк,200,10,8,21,120,True,1430494,4189742,"Сырнички с варёной сгущенкой Зелёная Линия, 120г",82,0.0,0,0.891,True,1570981,4200603,"Сырники жареные Перекрёсток Select, 110г",0.734,1440678,4201519,"Сырники жареные Перекрёсток Select, 440г",0.734
49,EXTERNAL_BRAND,external_brand,ЗЕЛ.ЛИН.Сырнички с грушей и персик.,сырнички с грушей и персик,170,9,6.5,18,120,True,1430495,4189743,"Сырнички с грушей и персиком Зелёная Линия, 120г",84,0.0,0,0.907,True,1430496,4189744,"Сырнички с вишней Зелёная Линия, 120г",0.758,1612500,78035124,"Пирожное Персик, 120г",0.562
50,EXTERNAL_BRAND,external_brand,ЗЕЛ.ЛИН.Сырнички с вишней,сырнички с вишней,170,9,6.5,18,120,True,1430496,4189744,"Сырнички с вишней Зелёная Линия, 120г",100,0.0,0,1.000,True,1430495,4189743,"Сырнички с грушей и персиком Зелёная Линия, 120г",0.844,1430494,4189742,"Сырнички с варёной сгущенкой Зелёная Линия, 120г",0.786
51,EXTERNAL_BRAND,external_brand,ЗЕЛ.ЛИН.Запеканка твор.с чер.см.охл.,запеканка твор с чер см охл,177,11.4,5,21.6,200,True,1494442,4273203,"Запеканка творожная с чёрной смородиной Зелёная Линия, 200г",62,0.0,0,0.775,False,1599232,4344257,"Запеканка творожная с клубникой и папайей Зелёная Линия, 200г",0.726,1615181,4344256,"Запеканка творожная с черноплодной рябиной и чёрной смородиной Шеф Перекрёсток, 200г",0.711
52,EXTERNAL_BRAND,external_brand,ЗЕЛ.ЛИН.Запеканка твор.яб/кор.охл.,запеканка твор яб кор охл,189,12.5,5,23.5,200,True,1494443,4273204,"Запеканка творожная с яблоком и корицей Зелёная Линия, 200г",59,0.0,0,0.754,False,1494445,4273205,"Запеканка творожная Зелёная Линия, 200г",0.752,1494446,4273206,"Запеканка творожная с грушей Зелёная Линия, 200г",0.705
53,EXTERNAL_BRAND,external_brand,ЗЕЛ.ЛИН.Запеканка твор.охл.,запеканка твор охл,179,11.3,5,22.2,200,True,1494445,4273205,"Запеканка творожная Зелёная Линия, 200г",67,0.0,0,0.800,True,1494446,4273206,"Запеканка творожная с грушей Зелёная Линия, 200г",0.784,1599232,4344257,"Запеканка творожная с клубникой и папайей Зелёная Линия, 200г",0.774
54,EXTERNAL_BRAND,external_brand,ЗЕЛ.ЛИН.Запеканка твор.с грушей охл.,запеканка твор с грушей охл,171.4,10.6,5,21,200,True,1494446,4273206,"Запеканка творожная с грушей Зелёная Линия, 200г",80,0.0,0,0.880,True,1494445,4273205,"Запеканка творожная Зелёная Линия, 200г",0.744,2031113,4401207,"Запеканка творожная с вишней Перекрёсток Select, 200г",0.715
55,AUTO,strong_kbju,ПЕРЕКР.SEL.Омлет-ролл с беконом шт.,омлет ролл с беконом шт,390,14,35,5,150,True,1509638,4298202,"Омлет-ролл с беконом Перекрёсток Select, 150г",100,0.0,0,1.000,True,2023201,78036651,"Круассан с курицей беконом и грибным соусом, 160г",0.576,2120925,78037531,"Клаб Сэндвич двойной с курицей и беконом, 100г",0.554
56,AUTO,strong_kbju,ШЕФ ПЕРЕК.Каша овсяная на молоке шт.,перек каша овсяная на молоке шт,96,2.8,4.8,10.8,250,True,1589973,4331754,"Каша овсяная на молоке Перекрёсток Select, 250г",100,0.0,0,1.000,True,1443269,78031242,"Капучино на овсяном молоке, 250мл",0.598,1440977,78031247,"Капучино на овсяном молоке, 400мл",0.598
76,UNMATCHED,generic_a_collision,ФК Сырники жареные шт.,сырники жареные шт,217,14,8.7,20.5,220,True,1570981,4200603,"Сырники жареные Перекрёсток Select, 110г",100,0.0,110,1.000,True,1440678,4201519,"Сырники жареные Перекрёсток Select, 440г",1.000,1437867,4147834,"Сырники жареные Перекрёсток Select, 220г",1.000
285,AUTO,strong_kbju,ПЕРЕКР.SEL.Гранат,гранат,66,0.7,0.6,15,100,True,2123191,4441626,"Гранат  Перекрёсток Select, 100г",100,0.0,0,1.000,True,2123376,4441625,"Ананас  Перекрёсток Select, 300г",0.517,2123190,4441572,"Ананас  Перекрёсток Select, 140г",0.517
57,REVIEW,review_threshold,ФКВ Блинчики с яблоком/медом/кор.шт.,блинчики с яблоком медом кор шт,185,5.2,7.3,25.3,240,True,1592163,4335249,"Блины с яблоком мёдом и корицей Перекрёсток Select, 240г",81,0.0,0,0.884,True,2116980,4437477,"Блинчики с мясом Перекрёсток Select, 240г",0.719,2116380,4438005,"Блинчики с мясом Перекрёсток Select, 160г",0.719
58,AUTO,strong_kbju,ФКВ Блинчики без начинки шт.,блинчики без начинки шт,270,8.3,12,31.9,200,True,1594146,4338980,"Блинчики без начинки Перекрёсток Select, 200г",100,0.0,0,1.000,True,2116980,4437477,"Блинчики с мясом Перекрёсток Select, 240г",0.732,2116380,4438005,"Блинчики с мясом Перекрёсток Select, 160г",0.732
59,REVIEW,review_threshold,ФКВ Запеканка тв.черн.ряб/чер.см.шт.,запеканка тв черн ряб чер см шт,182.3,13.7,4.5,23.1,200,True,1615181,4344256,"Запеканка творожная с черноплодной рябиной и чёрной смородиной Шеф Перекрёсток, 200г",55,0.0,0,0.730,False,1494442,4273203,"Запеканка творожная с чёрной смородиной Зелёная Линия, 200г",0.692,1494445,4273205,"Запеканка творожная Зелёная Линия, 200г",0.686
60,EXTERNAL_BRAND,external_brand,ЗЕЛ.ЛИН.Запеканка твор.с кл/пап.шт.,запеканка твор с кл пап шт,169,11.6,4.5,20.4,200,True,1599232,4344257,"Запеканка творожная с клубникой и папайей Зелёная Линия, 200г",59,0.0,0,0.757,False,1494445,4273205,"Запеканка творожная Зелёная Линия, 200г",0.740,1615181,4344256,"Запеканка творожная с черноплодной рябиной и чёрной смородиной Шеф Перекрёсток, 200г",0.722
61,AUTO,strong_kbju,ФКВ Шакшука с томатами/страчателлой,шакшука с томатами страчателлой,102,5.4,6.3,6,250,True,1822162,4372374,"Шакшука с томатами и страчателлой Перекрёсток Select, 250 г",100,0.0,0,1.000,True,1800480,78035073,"Матча Латте с миндальным напитком, 400мл",0.523,1800466,78035072,"Матча Латте с миндальным напитком, 200мл",0.523
62,AUTO,strong_kbju,ФКВ Каша ДРУЖБА из пшена и риса,каша дружба из пшена и риса,105.5,3.5,3.5,15,250,True,1828741,4381668,"Каша Дружба из пшена и риса Перекрёсток Select, 250г",100,0.0,0,1.000,True,2115681,4436605,"Каша пшенная Перекрёсток Select, 250г",0.626,1843095,4387092,"Зразы картофельные с грибами Перекрёсток Select,  230г",0.612
63,AUTO,strong_kbju,ФКВ Каша рисовая с мякотью кокоса,каша рисовая с мякотью кокоса,74,1.2,2.4,11.9,220,True,1828724,4381670,"Каша рисовая с мякотью кокоса Перекрёсток Select, 220г",100,0.0,0,1.000,True,1847294,78035832,"Раф соленая карамель с орехами с кокосовым напитком, 200мл",0.622,1306990,3681003,"Каша молочная рисовая Перекрёсток Select, 250г",0.607
64,AUTO,strong_kbju,ФКВ Блинчики с маковой начинкой,блинчики с маковой начинкой,318,10,18,26,210,True,2039691,4421875,"Блинчики с маковой начинкой Перекрёсток Select, 210г",100,0.0,0,1.000,True,2116980,4437477,"Блинчики с мясом Перекрёсток Select, 240г",0.807,2116380,4438005,"Блинчики с мясом Перекрёсток Select, 160г",0.807
65,REVIEW,review_threshold,ПЕРЕКР.SEL.Налис.КОН.сыр.кр/мал.нач.,налис кон сыр кр мал нач,205.3,4.4,10.9,22.4,140,True,2063167,4429357,"Конвертики с сырным кремом и малиновой начинкой Перекрёсток Select, 140г",54,0.0,0,0.721,True,2039691,4421875,"Блинчики с маковой начинкой Перекрёсток Select, 210г",0.538,2037714,78036406,"Матча латте пряная с кокосовым напитком, 400мл",0.343
66,AUTO,strong_kbju,ПЕРЕКР.SEL.Яйца куриные вареные оч.,яйца куриные вареные оч,166,13,12,1.6,100,True,2122154,4435975,"Яйца куриные вареные очищенные Перекрёсток Select, 100г",93,0.0,0,0.958,True,1828720,4382078,"Оладьи куриные Перекрёсток Select, 160г",0.660,2119609,4431933,"Котлеты куриные Перекрёсток Select, 160г",0.626
77,AUTO,strong_kbju,ФК Сырники с изюмом жареные шт.,сырники с изюмом жареные шт,205,12.1,6.8,23.7,220,True,1439279,4147835,"Сырники с изюмом Перекрёсток Select, 220г",100,0.0,0,1.000,True,1570981,4200603,"Сырники жареные Перекрёсток Select, 110г",0.946,1440678,4201519,"Сырники жареные Перекрёсток Select, 440г",0.946
286,AUTO,strong_kbju,ПЕРЕКР.SEL.Киви,киви,47,0.8,0.4,8.1,170,True,2123405,4441667,"Киви  Перекрёсток Select, 170г",100,0.0,0,1.000,True,2123406,4441204,"Киви  Перекрёсток Select, 140г",1.000,1828720,4382078,"Оладьи куриные Перекрёсток Select, 160г",0.294
67,AUTO,strong_kbju,ПЕРЕКР.SEL.Блинчики с ветчиной/сыр.,блинчики с ветчиной сыр,184.6,11.1,7.8,17.6,160,True,2115381,4436507,"Блинчики с ветчиной и сыром Перекрёсток Select, 160г",92,0.0,0,0.952,True,2116381,4437080,"Блинчики с ветчиной и сыром Перекрёсток Select, 240г",0.813,2116378,4438328,"Блинчики с ветчиной и сыром Перекрёсток Select, 400г",0.813
68,AUTO,strong_kbju,ПЕРЕКР.SEL.Каша пшенная,каша пшенная,136,3.2,5.8,16.8,250,True,2115681,4436605,"Каша пшенная Перекрёсток Select, 250г",100,0.0,0,1.000,True,1589973,4331754,"Каша овсяная на молоке Перекрёсток Select, 250г",0.658,1828741,4381668,"Каша Дружба из пшена и риса Перекрёсток Select, 250г",0.626
69,AUTO,strong_kbju,ПЕРЕКР.SEL.Блинчики ветчиной/сыром,блинчики ветчиной сыром,250,14.7,16.1,11.2,240,True,2116381,4437080,"Блинчики с ветчиной и сыром Перекрёсток Select, 240г",100,0.0,0,1.000,True,2116378,4438328,"Блинчики с ветчиной и сыром Перекрёсток Select, 400г",1.000,2115381,4436507,"Блинчики с ветчиной и сыром Перекрёсток Select, 160г",0.861
70,UNMATCHED,generic_a_collision,ПЕРЕКР.SELECT Блинчики с мясом,перекр select блинчики с мясом,270,10.9,14.4,23,240,True,2116980,4437477,"Блинчики с мясом Перекрёсток Select, 240г",100,0.0,0,1.000,True,2116380,4438005,"Блинчики с мясом Перекрёсток Select, 160г",1.000,2116379,4438329,"Блинчики с мясом Перекрёсток Select, 400г",1.000
71,UNMATCHED,generic_a_collision,ПЕРЕКР.SEL.Блинчики с мясом,блинчики с мясом,270,10.9,14.4,23,160,True,2116980,4437477,"Блинчики с мясом Перекрёсток Select, 240г",100,0.0,80,1.000,True,2116380,4438005,"Блинчики с мясом Перекрёсток Select, 160г",1.000,2116379,4438329,"Блинчики с мясом Перекрёсток Select, 400г",1.000
72,REVIEW,review_threshold,ПЕРЕКР.SEL.Блинчики с ветчиной/сыр.,блинчики с ветчиной сыр,250,14.7,16.1,11.2,400,True,2116381,4437080,"Блинчики с ветчиной и сыром Перекрёсток Select, 240г",92,0.0,160,0.952,False,2116378,4438328,"Блинчики с ветчиной и сыром Перекрёсток Select, 400г",0.952,2115381,4436507,"Блинчики с ветчиной и сыром Перекрёсток Select, 160г",0.813
73,UNMATCHED,generic_a_collision,ПЕРЕКР.SEL.Блинчики с мясом,блинчики с мясом,270,10.9,14.4,23,400,True,2116980,4437477,"Блинчики с мясом Перекрёсток Select, 240г",100,0.0,160,1.000,True,2116380,4438005,"Блинчики с мясом Перекрёсток Select, 160г",1.000,2116379,4438329,"Блинчики с мясом Перекрёсток Select, 400г",1.000
74,REVIEW,review_threshold,ФК Каша молочная рисовая,каша молочная рисовая,97,2.1,4.5,12,250,True,1306990,3681003,"Каша молочная рисовая Перекрёсток Select, 250г",100,41.4,0,0.834,True,1589973,4331754,"Каша овсяная на молоке Перекрёсток Select, 250г",0.804,1828724,4381670,"Каша рисовая с мякотью кокоса Перекрёсток Select, 220г",0.722
75,AUTO,strong_kbju,ФК Омлет с ветчиной и сыром запеч шт,омлет с ветчиной и сыром запеч шт,148,11.5,11.4,0.1,200,True,1314544,3925274,"Омлет с ветчиной и сыром Перекрёсток Select, 200г",100,0.0,0,1.000,True,2115381,4436507,"Блинчики с ветчиной и сыром Перекрёсток Select, 160г",0.726,2116381,4437080,"Блинчики с ветчиной и сыром Перекрёсток Select, 240г",0.689
79,AUTO,strong_kbju,ФК Мусс из манки/рикот.и клюкв.шт,мусс из манки рикот и клюкв шт,159,2.9,5.4,24.5,220,True,1435899,4181697,"Мусс из манки с рикоттой  и клюквой  Перекрёсток Select, 220г",88,0.0,0,0.925,True,1619669,4364439,"Оладьи из курицы с рисом и овощами Перекрёсток Select, 250г",0.562,2048517,4428800,"Конвертики с творогом и зеленью Перекрёсток Select, 140г",0.500
80,UNMATCHED,generic_a_collision,ФК Сырники жареные шт,сырники жареные шт,217,14,8.7,20.5,110,True,1570981,4200603,"Сырники жареные Перекрёсток Select, 110г",100,0.0,0,1.000,True,1440678,4201519,"Сырники жареные Перекрёсток Select, 440г",1.000,1437867,4147834,"Сырники жареные Перекрёсток Select, 220г",1.000
81,UNMATCHED,generic_a_collision,ФК Сырники жареные шт.,сырники жареные шт,217,14,8.7,20.5,440,True,1570981,4200603,"Сырники жареные Перекрёсток Select, 110г",100,0.0,330,1.000,True,1440678,4201519,"Сырники жареные Перекрёсток Select, 440г",1.000,1437867,4147834,"Сырники жареные Перекрёсток Select, 220г",1.000
82,REVIEW,review_threshold,ФК Оладьи жареные шт.,оладьи жареные шт,269,6.9,11,35.5,160,True,2021724,4407908,"Оладьи жареные Перекрёсток Select, 250г",100,0.0,90,1.000,True,1452995,4228141,"Оладьи жареные Перекрёсток Select, 160г",1.000,2021725,4410402,"Оладьи печеночные жареные Перекрёсток Select, 280г",0.769
83,AUTO,strong_kbju,ФКВ Блины с вишней,блины с вишней,248,6,8,38,140,True,1803235,4377559,"Блины с вишней Перекрёсток Select, 140 г",100,0.0,0,1.000,True,1592163,4335249,"Блины с яблоком мёдом и корицей Перекрёсток Select, 240г",0.719,2129020,4442440,"Пирожок с вишней Перекрёсток Select, 90г",0.710
84,AUTO,strong_kbju,ФКВ Запеканка творожная с вишней,запеканка творожная с вишней,110,10,4,8.5,200,True,2031113,4401207,"Запеканка творожная с вишней Перекрёсток Select, 200г",100,0.0,0,1.000,True,1599232,4344257,"Запеканка творожная с клубникой и папайей Зелёная Линия, 200г",0.796,1494446,4273206,"Запеканка творожная с грушей Зелёная Линия, 200г",0.793
85,REVIEW,review_threshold,ФК Блинчики с курицей/грибами сл.с.,блинчики с курицей грибами сл с,222,7.6,13.3,17.9,160,True,2024160,4407903,"Блинчики с курицей и грибами в сливочном соусе Перекрёсток Select, 400г",95,0.0,240,0.967,True,2020862,4407902,"Блинчики с курицей и грибами в сливочном соусе Перекрёсток Select, 160г",0.967,2116980,4437477,"Блинчики с мясом Перекрёсток Select, 240г",0.784
86,AUTO,strong_kbju,ФК Блинчики с курицей/грибами сл.с.,блинчики с курицей грибами сл с,222,7.6,13.3,17.9,400,True,2024160,4407903,"Блинчики с курицей и грибами в сливочном соусе Перекрёсток Select, 400г",95,0.0,0,0.967,True,2020862,4407902,"Блинчики с курицей и грибами в сливочном соусе Перекрёсток Select, 160г",0.967,2116980,4437477,"Блинчики с мясом Перекрёсток Select, 240г",0.784
87,AUTO,strong_kbju,ФК Блинчики с творогом,блинчики с творогом,223,9.8,10.4,22.4,160,True,2025176,4407905,"Блинчики с творогом Перекрёсток Select, 160г",100,0.0,0,1.000,True,2116980,4437477,"Блинчики с мясом Перекрёсток Select, 240г",0.804,2116380,4438005,"Блинчики с мясом Перекрёсток Select, 160г",0.804
88,REVIEW,review_threshold,ФК Блинчики лососем/тв.сыр.,блинчики лососем тв сыр,232,11.4,14.2,14.8,150,True,2021100,4407906,"Блинчики с лососем и творожным сыром Перекрёсток Select, 150г",82,0.0,0,0.892,True,2116980,4437477,"Блинчики с мясом Перекрёсток Select, 240г",0.775,2116380,4438005,"Блинчики с мясом Перекрёсток Select, 160г",0.775
89,AUTO,strong_kbju,ФК Оладьи жареные,оладьи жареные,269,6.9,11,35.5,250,True,2021724,4407908,"Оладьи жареные Перекрёсток Select, 250г",100,0.0,0,1.000,True,1452995,4228141,"Оладьи жареные Перекрёсток Select, 160г",1.000,2021725,4410402,"Оладьи печеночные жареные Перекрёсток Select, 280г",0.827
90,AUTO,strong_kbju,ФК Сырники без сахара запеченные,сырники без сахара запеченные,191,15.1,7.9,15,100,True,2039695,4414886,"Сырники без сахара запечённые Перекрёсток Select, 100г",100,0.0,0,1.000,True,1570981,4200603,"Сырники жареные Перекрёсток Select, 110г",0.727,1440678,4201519,"Сырники жареные Перекрёсток Select, 440г",0.727
91,REVIEW,review_threshold,ПЕРЕКР.SEL.Закус.Хумус рецепт из Иер,закус хумус рецепт из иер,361,8.2,32.2,9.6,300,True,1430625,4183545,"Хумус рецепт из Иерусалима Перекрёсток Select, 300г",75,0.0,0,0.850,True,1430446,4183935,"Хумус Шеф Перекрёсток, 150г",0.573,1499477,4280523,"Рамен с курицей Перекрёсток Select, 300г",0.472
92,UNMATCHED,low_score,ШЕФ ПЕРЕКР.Закуска ХУМУС КЛАССИЧЕСК.,перекр закуска хумус классическ,220,5.5,20,10,150,True,1430446,4183935,"Хумус Шеф Перекрёсток, 150г",46,0.0,0,0.677,True,1430625,4183545,"Хумус рецепт из Иерусалима Перекрёсток Select, 300г",0.602,2119920,78037345,"Пирожное со вкусом пина колада, 70г",0.538
106,REVIEW,review_threshold,ШЕФ ПЕРЕК.Лимонад малин.с мятой,перек лимонад малин с мятой,40,0,0,10,250,True,1514307,4302221,"Лимонад малиновый с мятой Перекрёсток Select, 250мл",81,0.0,0,0.885,True,2046245,4415730,"Лимонад Лаванда с сoком среднегазированный безалкогольный Перекрёсток Select, 320мл",0.633,1837366,78035791,"Латте Малина Можжевельник, 400мл",0.452
93,UNMATCHED,low_score,ПЕРЕКР.SEL.Чер-пер.сл.пик.фар.с.с.м.,чер пер сл пик фар с с м,442.3,4,45.2,11.1,130,True,2038314,4417771,"Черри-перчики сладкие пикантные фаршированные сливочным сыром в масле Перекрёсток Select, 130г",48,0.0,0,0.690,True,2018099,4406506,"Салат пикантный с сыром Перекрёсток Select, 180г",0.539,1307040,3681151,"Салат Мимоза Шеф Перекрёсток, 200г",0.503
94,AUTO,strong_kbju,ФК Креветки в чесночном соусе,креветки в чесночном соусе,272,19.4,20.4,2.8,180,True,2117468,4429737,"Креветки в чесночном соусе Перекрёсток Select, 180г",100,0.0,0,1.000,True,1561820,4289866,"Спагетти Неро с креветками в томатном соусе Перекрёсток Select, 280г",0.546,2043016,4420968,"Паста орзо с креветками в сливочно-томатном соусе Перекрёсток Select, 250г",0.526
95,AUTO,strong_kbju,ПЕРЕКР.SEL.Студень из говядины,студень из говядины,69.5,8.5,3.5,1,200,True,2113121,4438168,"Студень из говядины Перекрёсток Select, 200г",100,0.0,0,1.000,True,1574331,4312150,"Азу из говядины с картофельным пюре Перекрёсток Select, 300г",0.651,2118254,4438651,"Котлета из говядины с соусом из белых грибов и картофельным пюре Перекрёсток Select, 280г",0.597
96,AUTO,strong_kbju,ФК Рулетики Пикантные из ветчины,рулетики пикантные из ветчины,315,13.1,27.8,3.2,150,True,1307195,3681730,"Рулетики пикантные из ветчины Перекрёсток Select, 150г",100,0.0,0,1.000,True,2022012,78036652,"Круассан с ветчиной и сыром, 170г",0.507,1601263,4310836,"Круассан с ветчиной и сыром Перекрёсток Select, 115г",0.487
97,AUTO,strong_kbju,ФК Оладьи печеночные жареные,оладьи печеночные жареные,176,13,7.7,13.8,280,True,2021725,4410402,"Оладьи печеночные жареные Перекрёсток Select, 280г",100,0.0,0,1.000,True,1828717,4381910,"Оладьи печеночные Перекрёсток Select, 150г",0.913,2021724,4407908,"Оладьи жареные Перекрёсток Select, 250г",0.827
98,EXTERNAL_BRAND,external_brand,ЗЕЛ.ЛИН.Морс ВИШНЕВЫЙ,морс вишневый,42,0,0,10.5,0.5,True,1429767,4187802,"Морс Вишневый Зелёная Линия, 500мл",100,0.0,500,1.000,True,2028748,4413748,"Морс Брусничный Перекрёсток Select, 250мл",0.776,2114956,78037391,"Бамбл вишневый, 370мл",0.577
99,EXTERNAL_BRAND,external_brand,ЗЕЛ.ЛИН.Морс ОБЛЕПИХОВЫЙ,морс облепиховый,41.6,0,0,10.4,0.5,True,1429768,4187803,"Морс Облепиховый Зелёная Линия, 500мл",100,0.0,500,1.000,True,1512199,4297530,"Морс облепиховый Зелёная Линия, 1л",0.992,2042252,4421818,"Чай зелёный Облепиховый с мятой негазированный Перекрёсток Select, 500мл",0.860
100,REVIEW,review_threshold,ЗЕЛ.ЛИН Морс черносмородиновый,зел лин морс черносмородиновый,41.6,0,0,10.4,0.5,True,1429769,4187804,"Морс черносмородиновый Зелёная Линия, 500мл",91,0.0,500,0.945,False,1512200,4297531,"Морс черносмородиновый Зелёная Линия, 1л",0.938,1429768,4187803,"Морс Облепиховый Зелёная Линия, 500мл",0.780
101,EXTERNAL_BRAND,external_brand,ЗЕЛ.ЛИН.Морс клюквенный,морс клюквенный,41,0,0,10.4,0.5,True,1429770,4187805,"Морс клюквенный Зелёная Линия, 500мл",100,0.0,500,1.000,True,1512198,4297529,"Морс клюквенный Зелёная Линия, 1л",0.994,2028748,4413748,"Морс Брусничный Перекрёсток Select, 250мл",0.754
102,EXTERNAL_BRAND,external_brand,ЗЕЛ.ЛИН.Морс лесные ягоды,морс лесные ягоды,40,0,0,10,0.5,True,1498773,4280082,"Морс Лесные ягоды Зелёная Линия, 500мл",100,0.0,500,1.000,True,1617646,4356603,"Холодный чай 28 Seeds Иван-Чай Колд Брю Лесные Ягоды безалкогольный, 250мл",0.797,1512199,4297530,"Морс облепиховый Зелёная Линия, 1л",0.706
103,EXTERNAL_BRAND,external_brand,ЗЕЛ.ЛИН.Морс клюквенный шт.,морс клюквенный шт,40,0,0,10,1,True,1512198,4297529,"Морс клюквенный Зелёная Линия, 1л",91,0.0,,0.945,False,1429770,4187805,"Морс клюквенный Зелёная Линия, 500мл",0.939,2028748,4413748,"Морс Брусничный Перекрёсток Select, 250мл",0.727
104,EXTERNAL_BRAND,external_brand,ЗЕЛ.ЛИН.Морс облепиховый шт.,морс облепиховый шт,40,0,0,10,1,True,1512199,4297530,"Морс облепиховый Зелёная Линия, 1л",91,0.0,,0.949,False,1429768,4187803,"Морс Облепиховый Зелёная Линия, 500мл",0.941,2042252,4421818,"Чай зелёный Облепиховый с мятой негазированный Перекрёсток Select, 500мл",0.817
105,EXTERNAL_BRAND,external_brand,ЗЕЛ.ЛИН.Морс черносмородиновый шт.,морс черносмородиновый шт,40,0,0,10,1,True,1512200,4297531,"Морс черносмородиновый Зелёная Линия, 1л",94,0.0,,0.962,True,1429769,4187804,"Морс черносмородиновый Зелёная Линия, 500мл",0.954,2028748,4413748,"Морс Брусничный Перекрёсток Select, 250мл",0.730
107,UNMATCHED,low_score,ШЕФ ПЕРЕК.Пюре CМУЗИ ман-мор.фр/ов.,перек пюре cмузи ман мор фр ов,45.5,0.5,0.3,10.2,250,True,1609621,4352869,"Смузи с манго и морковью Перекрёсток Select, 250мл",48,0.0,0,0.689,False,1622241,4360073,"Морс клубничный Шеф Перекрёсток, 500мл",0.520,1431018,4195447,"Суп норвежский Шеф Перекрёсток, 300г",0.408
108,UNMATCHED,low_score,ПЕРЕКР.SEL.Нап.Г-Ш.с/с.ф/ов.с.ар.м.,нап г ш с с ф ов с ар м,47,0.6,0.2,10.7,250,True,1800463,78035077,"Матча Латте с соевым напитком, 400мл",50,57.5,150,0.470,False,1800456,78035076,"Матча Латте с соевым напитком, 200мл",0.470,1589973,4331754,"Каша овсяная на молоке Перекрёсток Select, 250г",0.466
109,UNMATCHED,low_score,ПЕРЕКР.SEL.Пюре CМУЗИ кл-бан.фр/яг.,пюре cмузи кл бан фр яг,45.5,0.8,0.3,10.7,250,True,1509597,4273862,"Суп-пюре из тыквы Перекрёсток Select, 300г",45,42.9,50,0.498,False,2113601,78037238,"Мини-эклер ягодный, 27г",0.456,2042920,4415660,"Котлеты куриные с картофельным пюре Перекрёсток Select, 450г",0.416
110,REVIEW,review_threshold,ПЕРЕКР.SEL.Пюре CМУЗИ ЦИТР.МИКС,пюре cмузи цитр микс,45.4,0.6,0.2,10.3,250,True,1610771,4353152,"Смузи Цитрусовый микс Перекрёсток Select, 250мл",68,0.0,0,0.810,True,1509597,4273862,"Суп-пюре из тыквы Перекрёсток Select, 300г",0.527,1828718,4382076,"Курица по-французски с картофельным пюре Перекрёсток Select, 250г",0.391
111,UNMATCHED,low_score,ПЕРЕКР.SEL.Нап.KOM.КЛ.бр.б/а н/ф неп,нап kom кл бр б а н ф неп,4.4,0.1,0,1,0.2,True,1625436,78034940,"Кофе Раф ванильный на овсяном напитке, 200мл",42,95.3,200,0.270,False,1625438,78034941,"Кофе Раф ванильный на овсяном напитке, 400мл",0.270,2019104,78036193,"Какао на соевом напитке, 200мл",0.269
112,UNMATCHED,low_score,ПЕРЕКР.SEL.Нап.KOM.МАЛ.бр.б/а н/ф,нап kom мал бр б а н ф,,0.1,0,1,0.2,False,1625196,78034897,"Айс Латте с миндальным напитком, 350мл",45,,350,0.272,False,1800449,78035066,"Бейбичино Бабл Гам с миндальным напитком, 200мл",0.271,1625445,78034939,"Кофе Раф ванильный на миндальном напитке, 400мл",0.271
113,REVIEW,review_threshold,ШЕФ ПЕРЕК.Морс КЛУБНИЧНЫЙ,перек морс клубничный,40,0,0,10,500,True,1622241,4360073,"Морс клубничный Шеф Перекрёсток, 500мл",83,0.0,0,0.900,True,2028748,4413748,"Морс Брусничный Перекрёсток Select, 250мл",0.800,2042250,4421815,"Чай зелёный Клубничный с манго негазированный Перекрёсток Select, 500мл",0.742
114,UNMATCHED,low_score,ПЕРЕКР.SEL.Нап.ЛИМ.ЛИМ-ИМБ.б/а ПЭТ,нап лим лим имб б а пэт,30,0,0,8,0.5,True,2015962,78036423,Напиток чайный с имбирем и лимоном 400мл,47,55.5,400,0.463,False,2012573,78036198,"Какао на миндальном напитке, 400мл",0.424,1847440,78036197,"Какао на миндальном напитке, 200мл",0.424
115,UNMATCHED,low_score,ПЕРЕКР.SEL.Нап.ЛИМ.ГРАН.б/а н/г ПЭТ,нап лим гран б а н г пэт,40,0,0,11,0.5,True,2114174,78037424,Основа Малина 9г,45,44.2,8,0.493,False,2012573,78036198,"Какао на миндальном напитке, 400мл",0.440,1847440,78036197,"Какао на миндальном напитке, 200мл",0.440
116,UNMATCHED,low_score,ПЕРЕКР.SEL.Нап.Л.с.л/в.к.п.б/а с/г,нап л с л в к п б а с г,32,0,0.4,7.2,330,True,2117412,4438648,"Суп Куриный с домашней лапшой Перекрёсток Select, 270г",46,45.8,60,0.492,False,1800378,4373584,"Гедза с курицей на пару Перекрёсток Select, 160г",0.407,2043365,4425665,"Суп Куриный с домашней лапшой Перекрёсток Select, 1000г",0.392
117,UNMATCHED,low_score,ПЕРЕКР.SEL.Нап.ЛИМ.сок.ф.п.б/а с/г,нап лим сок ф п б а с г,39,0,0,9.7,330,True,2015962,78036423,Напиток чайный с имбирем и лимоном 400мл,48,55.2,70,0.465,False,1800440,78034903,"Бейбичино Бабл Гам с соевым напитком, 200мл",0.429,1625200,78034899,"Айс Латте с соевым напитком, 350мл",0.411
118,AUTO,strong_kbju,ПЕРЕКР.SEL.Морс БРУСНИЧНЫЙ,морс брусничный,40,0,0,10,250,True,2028748,4413748,"Морс Брусничный Перекрёсток Select, 250мл",100,0.0,0,1.000,True,1622241,4360073,"Морс клубничный Шеф Перекрёсток, 500мл",0.713,2126345,4441219,"Соус брусничный Перекрёсток Select, 30г",0.571
119,UNMATCHED,low_score,ПЕРЕКР.SEL.Нап.ЗЕЛ.ЧАЙ КЛ.М.н/г б/а,нап зел чай кл м н г б а,30,0,0,8,0.5,True,1617644,4356602,"Холодный чай 28 Seeds Колд Брю Гуава Лайм зелёный, 250мл",52,28.1,250,0.600,False,2015962,78036423,Напиток чайный с имбирем и лимоном 400мл,0.459,1621920,78035085,"Чай Молочный Улун зелёный, 400мл",0.300
120,UNMATCHED,low_score,ПЕРЕКР.SEL.Нап.ЗЕЛ.ЧАЙ ОБ.М.н/г б/а,нап зел чай об м н г б а,35,0,0,9,0.5,True,1617644,4356602,"Холодный чай 28 Seeds Колд Брю Гуава Лайм зелёный, 250мл",47,34.1,250,0.543,False,2015962,78036423,Напиток чайный с имбирем и лимоном 400мл,0.476,2015963,78036425,Напиток чайный облепихой и апельсином 400мл,0.476
121,UNMATCHED,low_score,ПЕРЕКР.SEL.Нап.КИСЕЛЬ МАЛИН.н/г б/а,нап кисель малин н г б а,45,0,0,11,0.5,True,2114174,78037424,Основа Малина 9г,50,43.9,8,0.524,False,2123610,78037556,Основа Малина 25г,0.517,2012573,78036198,"Какао на миндальном напитке, 400мл",0.472
287,REVIEW,review_threshold,ПЕРЕКР.SEL.Смесь фрукт/яг.ан/кл/гол.,смесь фрукт яг ан кл гол,46,0.3,0.1,9.5,200,True,2123416,4441668,"Смесь ананас-клубника-голубика Перекресток Select, 200г",63,0.0,0,0.778,False,1609621,4352869,"Смузи с манго и морковью Перекрёсток Select, 250мл",0.535,2113601,78037238,"Мини-эклер ягодный, 27г",0.367
122,AUTO,strong_kbju,ФКВ Вок с говядиной шт,вок с говядиной шт,192,10.8,8,18.4,250,True,1405241,4175863,"Вок с говядиной Перекрёсток Select, 250г",100,0.0,0,1.000,True,1521649,4309963,"Плов с говядиной Перекрёсток Select, 250г",0.809,2022011,78036648,"Круассан с копченой говядиной сыром и соусом терияки, 160г",0.752
123,AUTO,strong_kbju,ФКВ Вок с курицей шт,вок с курицей шт,216,10,4.4,34.4,250,True,1405242,4175864,"Вок с курицей Перекрёсток Select, 250г",100,0.0,0,1.000,True,1828722,4381912,"Плов с курицей Перекрёсток Select, 300г",0.757,2123212,78037576,"Чиабатта с курицей и моцарелой, 155г",0.704
124,REVIEW,review_threshold,ШЕФ ПЕРЕК.Котл из судак/кревет.рис.,перек котл из судак кревет рис,532,23,27,50,270,True,1435906,4192787,"Котлета из судака и креветок с рисом Перекрёсток Select, 270г",76,0.0,0,0.855,True,2037972,4421474,"Шашлык из курицы с картофелем Перекрёсток Select, 250г",0.548,2039689,4420760,"Бризоль куриная с пенне и соусом Перекрёсток Select, 250г",0.433
125,REVIEW,review_threshold,ШЕФ ПЕРЕК.Фишк.карт.пюр.с-с.ТАР-ТАР,перек фишк карт пюр с с тар тар,232,10,17.2,14,280,True,1433383,4192791,"Фишкейки с картофельным пюре и соусом тар-тар Перекрёсток Select, 280г",61,0.0,0,0.764,True,1624458,4368151,"Стрипсы из куриного филе с картофелем Перекрёсток Select, 250г",0.628,2037972,4421474,"Шашлык из курицы с картофелем Перекрёсток Select, 250г",0.607
126,REVIEW,review_threshold,ФКВ Жар.рис с кревет.по-Азиат.шт.,жар рис с кревет по азиат шт,160,4.8,4,26,250,True,1448054,4221854,"Жареный рис по-азиатски с креветками Перекрёсток Select, 250г",78,0.0,0,0.869,True,1494094,4276196,"Поке с креветками и соусом Альтерно Перекрёсток Select, 210г",0.557,2045008,4425860,"Суп  Сливочный с треской креветками и песто Перекрёсток Select, 300г",0.555
127,REVIEW,review_threshold,ФКВ Бифштекс гов.карт.пюре,бифштекс гов карт пюре,530,20,38,28,250,True,1598015,4340929,"Бифштекс из говядины с картофельным пюре, Перекрёсток Select, 250г",74,0.0,0,0.846,True,1591188,4332829,"Бефстроганов с картофельным пюре Перекрёсток Select, 250г",0.491,2044350,4419226,"Биточки мясные с картофельным пюре Перекрёсток Select, 300г",0.435
128,REVIEW,review_threshold,ШЕФ ПЕРЕК.Филе кур.су-в.с.беш/ов.б.,перек филе кур су в с беш ов б,58.6,8,8,5.6,250,True,1619594,4362089,"Филе куриное су-вид с соусом Бешамель и овощными биточками Перекрёсток Select, 250г",52,0.0,0,0.714,False,1804126,4372373,"Паста с куриным филе и соусом песто Перекрёсток Select, 250 г",0.569,2027006,4409322,"Паста с цыпленком в соусе Пепе Верде Перекрёсток Select, 230г",0.549
288,AUTO,strong_kbju,ПЕРЕКР.SEL.Помело,помело,37.6,0.8,0,8.6,170,True,2125046,4442479,"Помело Перекрёсток Select, 170г",100,0.0,0,1.000,True,2123192,4441206,"Помело  Перекрёсток Select, 110г",1.000,1590860,78034433,"Эспрессо, 50мл",0.400
129,REVIEW,review_threshold,ФКВ Эскалоп из свинины с картофелем,эскалоп из свинины с картофелем,219.7,9,14.9,12.4,250,True,1623103,4366792,"Эскалоп из свинины с картофелем Перекрёсток Select, 250г",100,32.7,0,0.869,True,1619509,4364442,"Салат с тунцом и картофелем Перекрёсток Select, 200г",0.736,1624458,4368151,"Стрипсы из куриного филе с картофелем Перекрёсток Select, 250г",0.707
130,AUTO,strong_kbju,ФКВ Стрипсы из куриного филе гр.кар.,стрипсы из куриного филе гр кар,270,9.7,13.5,24.4,250,True,1624458,4368151,"Стрипсы из куриного филе с картофелем Перекрёсток Select, 250г",87,0.0,0,0.924,True,1832505,4383603,"Стрипсы из куриного филе с картофелем по-деревенски и сырным соусом Перекрёсток Select, 265г",0.804,1619668,4364437,"Котлета де-воляй из куриного филе с грибами и спагетти Перекрёсток Select, 250г",0.695
131,AUTO,strong_kbju,ФКВ Паста с куриным филе/соусом пес.,паста с куриным филе соусом пес,169,10,7,16.2,250,True,1804126,4372373,"Паста с куриным филе и соусом песто Перекрёсток Select, 250 г",94,0.0,0,0.964,True,2042810,4424682,"Паста с вешенками и куриным филе в сливочном соусе Перекрёсток Select, 250г",0.813,1619510,4364440,"Салат с куриным филе фунчозой и овощами Перекрёсток Select, 220г",0.683
132,AUTO,strong_kbju,ФКВ Гедза с курицей на пару,гедза с курицей на пару,83.3,3.3,5.3,5.4,160,True,1800378,4373584,"Гедза с курицей на пару Перекрёсток Select, 160г",100,0.0,0,1.000,True,1828722,4381912,"Плов с курицей Перекрёсток Select, 300г",0.689,1405242,4175864,"Вок с курицей Перекрёсток Select, 250г",0.661
133,REVIEW,review_threshold,ФКВ Гедза зеленые с креветк.бел/ов.,гедза зеленые с креветк бел ов,75,1.4,2.8,11,160,True,1800379,4373585,"Гедза зелёные с креветкой белоногой и овощами Перекрёсток Select, 160г",80,0.0,0,0.880,True,1448054,4221854,"Жареный рис по-азиатски с креветками Перекрёсток Select, 250г",0.516,2116477,78037439,"Изотоник зеленый виноград с березовым соком, 350мл",0.484
134,REVIEW,review_threshold,ФКВ Лап.МИ КСАО БО яич.гов.жар.на в.,лап ми ксао бо яич гов жар на в,274.3,10.4,12.3,30.5,280,True,1800371,4373614,"Лапша яичная с говядиной жареная на воке Перекрёсток Select, 280г",62,0.0,0,0.772,False,1498816,4280524,"Фо Бо Перекрёсток Select, 300г",0.574,2009258,78036196,"Какао на овсяном напитке, 400мл",0.384
289,AUTO,strong_kbju,ПЕРЕКР.SEL.Кокос,кокос,354,3.3,33.5,6.2,80,True,2125045,4442788,"Кокос Перекрёсток Select, 80г",100,0.0,0,1.000,True,2123375,4441573,"Кокос  Перекрёсток Select, 170г",1.000,1846291,78036191,"Какао, 200мл",0.542
301,EXTERNAL_BRAND,external_brand,TAS.STORY Драже МИНДАЛЬ СОЛ.КАРАМЕЛЬ,драже миндаль сол карамель,590,19.2,45,27.1,40,True,1848448,4388467,"Драже Tasty Story Миндаль Солёная Карамель, 40г",92,0.0,0,0.950,True,2009088,78036473,"Меренга Шоколадная с карамелью и арахисом, 60г",0.531,1838834,78035830,"Раф Соленая Карамель с орехами, 200мл",0.460
135,AUTO,strong_kbju,ФКВ Рис отварной с курицей кис-сл.с.,рис отварной с курицей кис сл с,101.9,3.1,2.7,16.3,240,True,1828714,4381672,"Рис отварной с курицей в кисло-сладком соусе Перекрёсток Select, 240г",86,0.0,0,0.918,True,1828722,4381912,"Плов с курицей Перекрёсток Select, 300г",0.691,1405242,4175864,"Вок с курицей Перекрёсток Select, 250г",0.678
136,AUTO,strong_kbju,ФКВ Спагетти БОЛОНЬЕЗЕ с говядиной,спагетти болоньезе с говядиной,117.2,4.3,4.8,14.2,220,True,1828719,4381675,"Спагетти Болоньезе с говядиной Перекрёсток Select, 220г",100,0.0,0,1.000,True,1405241,4175863,"Вок с говядиной Перекрёсток Select, 250г",0.746,2118496,4437971,"Борщ с говядиной Перекрёсток Select, 270г",0.722
137,AUTO,strong_kbju,ФКВ Лапша УДОН с курицей,лапша удон с курицей,257.2,8.8,6.8,40.2,300,True,1833336,4381676,"Лапша удон с курицей Перекрёсток Select, 300г",100,0.0,0,1.000,True,1405242,4175864,"Вок с курицей Перекрёсток Select, 250г",0.813,2016966,4401912,"Удон с курицей и овощами Перекрёсток Select, 215г",0.795
138,AUTO,strong_kbju,ФКВ Гуляш из курицы с овощами гр.от.,гуляш из курицы с овощами гр от,117.7,4.5,4.1,15.7,240,True,1832990,4381901,"Гуляш из курицы с овощами с гречкой отварной Перекрёсток Select, 240г",89,0.0,0,0.936,True,1619669,4364439,"Оладьи из курицы с рисом и овощами Перекрёсток Select, 250г",0.691,2016966,4401912,"Удон с курицей и овощами Перекрёсток Select, 215г",0.634
139,REVIEW,review_threshold,ФКВ Колбаски по-нюрнбергс.кар/гор.с.,колбаски по нюрнбергс кар гор с,234.9,5.9,19.3,9.4,205,True,1832995,4381902,"Колбаски по-нюрнбергски с картофелем и горчичным соусом Перекрёсток Select, 205г",72,0.0,0,0.833,True,1828716,4381905,"Котлета по-киевски с картофельным пюре Перекрёсток Select, 280г",0.588,1828718,4382076,"Курица по-французски с картофельным пюре Перекрёсток Select, 250г",0.564
140,AUTO,strong_kbju,ФКВ Котлета ПОЖАРСКАЯ с картоф.пюре,котлета пожарская с картоф пюре,143.2,5.9,9.6,8.3,250,True,1828725,4381904,"Котлета Пожарская с картофельным пюре Перекрёсток Select, 250г",91,0.0,0,0.947,True,2037851,4417738,"Котлета куриная с картофельным пюре Перекрёсток Select, 250г",0.787,2042920,4415660,"Котлеты куриные с картофельным пюре Перекрёсток Select, 450г",0.732
141,AUTO,strong_kbju,ФКВ Котлета по-киевски с карт.пюре,котлета по киевски с карт пюре,180,7,11.2,12.8,280,True,1828716,4381905,"Котлета по-киевски с картофельным пюре Перекрёсток Select, 280г",91,0.0,0,0.945,True,2037851,4417738,"Котлета куриная с картофельным пюре Перекрёсток Select, 250г",0.728,1828725,4381904,"Котлета Пожарская с картофельным пюре Перекрёсток Select, 250г",0.726
142,REVIEW,review_threshold,ФКВ Котлетка куриная каб.кар.по-дер.,котлетка куриная каб кар по дер,124.6,5.3,6.6,11,190,True,1832994,4381906,"Котлетка куриная с кабачками с картофелем по-деревенски Перекрёсток Select, 190г",76,0.0,0,0.856,True,2037851,4417738,"Котлета куриная с картофельным пюре Перекрёсток Select, 250г",0.727,2042920,4415660,"Котлеты куриные с картофельным пюре Перекрёсток Select, 450г",0.672
143,AUTO,strong_kbju,ФКВ Оладьи печеночные,оладьи печеночные,146.2,8.5,8.2,9.7,150,True,1828717,4381910,"Оладьи печеночные Перекрёсток Select, 150г",100,0.0,0,1.000,True,2021725,4410402,"Оладьи печеночные жареные Перекрёсток Select, 280г",0.913,2021724,4407908,"Оладьи жареные Перекрёсток Select, 250г",0.663
144,AUTO,strong_kbju,ФКВ Плов с курицей,плов с курицей,186.1,4.8,6.1,28,300,True,1828722,4381912,"Плов с курицей Перекрёсток Select, 300г",100,0.0,0,1.000,True,1405242,4175864,"Вок с курицей Перекрёсток Select, 250г",0.779,2123212,78037576,"Чиабатта с курицей и моцарелой, 155г",0.714
145,AUTO,strong_kbju,ФКВ Шницель куриный в яйце кар.пюре,шницель куриный в яйце кар пюре,169.1,6,9.1,15.8,210,True,1832996,4381913,"Шницель куриный в яйце с картофельным пюре Перекрёсток Select, 210г",93,0.0,0,0.959,True,1829009,4377884,"Шницель Куриный в яичном кляре Перекрёсток Select, 180г",0.709,2028914,4409329,"Биточек куриный с соусом из болгарского перца и картофельным пюре Перекрёсток Select, 250г",0.651
146,AUTO,strong_kbju,ФКВ Курица по-французски с кар.пюре,курица по французски с кар пюре,146.5,4.4,8.9,12.2,250,True,1828718,4382076,"Курица по-французски с картофельным пюре Перекрёсток Select, 250г",93,0.0,0,0.959,True,1828725,4381904,"Котлета Пожарская с картофельным пюре Перекрёсток Select, 250г",0.668,2117413,4437462,"Мясо по-французски с курицей и шампиньонами Перекрёсток Select, 190г",0.611
147,REVIEW,review_threshold,ФКВ Оладьи куриные со спагет/том.с.,оладьи куриные со спагет том с,152.1,6.9,7.3,14.7,250,True,1828742,4382077,"Оладьи куриные со спагетти и томатным соусом Перекрёсток Select, 250г",81,0.0,0,0.886,True,1828720,4382078,"Оладьи куриные Перекрёсток Select, 160г",0.793,2016804,4403477,"Биточек куриный со спагетти в томатном соусе Перекрёсток Select, 220г",0.684
148,AUTO,strong_kbju,ФКВ Оладьи куриные,оладьи куриные,223.9,17.6,14.7,5.3,160,True,1828720,4382078,"Оладьи куриные Перекрёсток Select, 160г",100,0.0,0,1.000,True,1828742,4382077,"Оладьи куриные со спагетти и томатным соусом Перекрёсток Select, 250г",0.793,2021724,4407908,"Оладьи жареные Перекрёсток Select, 250г",0.684
184,AUTO,strong_kbju,ФКВ Бефстроганов с картофел.пюре шт.,бефстроганов с картофел пюре шт,168,6.4,10,12.8,250,True,1591188,4332829,"Бефстроганов с картофельным пюре Перекрёсток Select, 250г",89,0.0,0,0.933,True,2044350,4419226,"Биточки мясные с картофельным пюре Перекрёсток Select, 300г",0.725,1574331,4312150,"Азу из говядины с картофельным пюре Перекрёсток Select, 300г",0.618
619,EXTERNAL_BRAND,external_brand,PINCH&DROP Ос.ПЮРЕ МАР.КОС.фр.д/с/к/д.,ос пюре мар кос фр д с к д,,,,,1,False,1433383,4192791,"Фишкейки с картофельным пюре и соусом тар-тар Перекрёсток Select, 280г",52,,279,0.314,False,1574331,4312150,"Азу из говядины с картофельным пюре Перекрёсток Select, 300г",0.305,1828718,4382076,"Курица по-французски с картофельным пюре Перекрёсток Select, 250г",0.300
149,REVIEW,review_threshold,ФКВ Стрипсы кур.филе карт.по-д/с.с.,стрипсы кур филе карт по д с с,189,11.8,7.4,17.8,265,True,1832505,4383603,"Стрипсы из куриного филе с картофелем по-деревенски и сырным соусом Перекрёсток Select, 265г",76,0.0,0,0.853,True,1624458,4368151,"Стрипсы из куриного филе с картофелем Перекрёсток Select, 250г",0.742,1804126,4372373,"Паста с куриным филе и соусом песто Перекрёсток Select, 250 г",0.684
150,REVIEW,review_threshold,ФКВ Филе куриное гр.под сыр.кор.кар.,филе куриное гр под сыр кор кар,157,12.7,5.5,14.2,240,True,1846918,4389855,"Филе куриное с грибами под сырной корочкой с картофелем Перекрёсток Select, 240г",74,0.0,0,0.843,True,1521245,4309962,"Филе куриное с гречкой и луковым соусом Перекрёсток Select, 230г",0.676,1624458,4368151,"Стрипсы из куриного филе с картофелем Перекрёсток Select, 250г",0.604
151,AUTO,strong_kbju,ФКВ Щечки говяжьи томленые,щечки говяжьи томленые,116,16,5.6,0.6,300,True,2016458,4405296,"Щечки говяжьи томленые Перекрёсток Select, 300г",100,0.0,0,1.000,True,1574331,4312150,"Азу из говядины с картофельным пюре Перекрёсток Select, 300г",0.518,2113121,4438168,"Студень из говядины Перекрёсток Select, 200г",0.499
152,REVIEW,review_threshold,ФКВ Бризоль кур.пен/соус.,бризоль кур пен соус,157,8.9,7.2,14.1,250,True,2039689,4420760,"Бризоль куриная с пенне и соусом Перекрёсток Select, 250г",77,0.0,0,0.862,True,1581963,4324261,"Крем-суп грибной Перекрёсток Select, 300г",0.512,1803412,4372001,"Соус Сальса Перекрёсток Select, 35г",0.485
153,REVIEW,review_threshold,ФКВ Паста орзо крев.оч.вар.сл-том.с.,паста орзо крев оч вар сл том с,181,8.1,7.3,20.7,250,True,2043016,4420968,"Паста орзо с креветками в сливочно-томатном соусе Перекрёсток Select, 250г",70,0.0,0,0.820,True,2027006,4409322,"Паста с цыпленком в соусе Пепе Верде Перекрёсток Select, 230г",0.712,1396364,4156187,"Паста 4 сыра Перекрёсток Select, 250г",0.705
154,AUTO,strong_kbju,ПЕРЕКР.SEL.Котлеты куриные паровые,котлеты куриные паровые,127,14.6,4.6,6.8,160,True,2039310,4421287,"Котлеты куриные паровые Перекрёсток Select, 160г",100,0.0,0,1.000,True,2119609,4431933,"Котлеты куриные Перекрёсток Select, 160г",0.876,2042920,4415660,"Котлеты куриные с картофельным пюре Перекрёсток Select, 450г",0.741
155,REVIEW,review_threshold,ФКВ Шашлык из курицы карт/том.с/лав.,шашлык из курицы карт том с лав,309,18,18,20,250,True,2037972,4421474,"Шашлык из курицы с картофелем Перекрёсток Select, 250г",83,0.0,0,0.900,True,2048521,4428799,"Конвертики с курицей сыром и томатами Перекрёсток Select, 140г",0.633,1619669,4364439,"Оладьи из курицы с рисом и овощами Перекрёсток Select, 250г",0.597
156,AUTO,strong_kbju,ФКВ Филе индейки су-вид слайсами,филе индейки су вид слайсами,168,30,4,2,150,True,2038134,4421859,"Филе индейки су-вид слайсами Перекрёсток Select, 150г",100,0.0,0,1.000,True,1804126,4372373,"Паста с куриным филе и соусом песто Перекрёсток Select, 250 г",0.507,1619594,4362089,"Филе куриное су-вид с соусом Бешамель и овощными биточками Перекрёсток Select, 250г",0.486
302,EXTERNAL_BRAND,external_brand,TAS.STORY Драже КЕШЬЮ МАЛИНА,драже кешью малина,572.4,15.6,43.4,29.8,40,True,1848450,4388468,"Драже Tasty Story Кешью Малина, 40г",100,0.0,0,1.000,True,2114174,78037424,Основа Малина 9г,0.424,1837366,78035791,"Латте Малина Можжевельник, 400мл",0.417
157,REVIEW,review_threshold,ФКВ Говядина томлен.пер.соусе с ор.,говядина томлен пер соусе с ор,135,7.6,5,13.6,270,True,2038055,4422949,"Говядина томленая в перечном соусе с орзо Перекрёсток Select, 270г",85,0.0,0,0.907,True,1574330,4312151,"Говядина с черносливом и гречкой Перекрёсток Select, 300г",0.636,1521649,4309963,"Плов с говядиной Перекрёсток Select, 250г",0.608
158,AUTO,strong_kbju,ФКВ Курица карри вешенками/рис.басм.,курица карри вешенками рис басм,177,8.3,7.3,20.4,285,True,2038054,4423023,"Курица карри с вешенками и рисом басмати Перекрёсток Select, 285г",87,0.0,0,0.924,True,2042810,4424682,"Паста с вешенками и куриным филе в сливочном соусе Перекрёсток Select, 250г",0.690,2027271,4409320,"Курица с ананасами в кисло-сладком соусе и рисом Перекрёсток Select, 220г",0.672
159,REVIEW,review_threshold,ФКВ Паста КАВАТАППИ моцарел/сыр.чед.,паста каватаппи моцарел сыр чед,379,12.6,19.2,38.2,230,True,2039688,4423449,"Паста каватаппи с моцареллой и сыром чеддер Перекрёсток Select, 230г",84,0.0,0,0.903,True,1613901,4358607,"Сэндвич с ветчиной и сыром моцарелла Перекрёсток Select, 200г",0.674,1350336,4128971,"Паста Перекрёсток Select Карбонара, 250г",0.569
160,REVIEW,review_threshold,ПЕРЕКР.SEL.Паста с вешен/кур.ф.сл.с.,паста с вешен кур ф сл с,196,8.7,7.6,21,250,True,2042810,4424682,"Паста с вешенками и куриным филе в сливочном соусе Перекрёсток Select, 250г",61,0.0,0,0.767,False,1396364,4156187,"Паста 4 сыра Перекрёсток Select, 250г",0.693,1804126,4372373,"Паста с куриным филе и соусом песто Перекрёсток Select, 250 г",0.679
161,REVIEW,review_threshold,ПЕРЕКР.SEL.Стейк фор.на пару отв.ов.,стейк фор на пару отв ов,91,11.3,3.4,3.5,230,True,2043402,4424684,"Стейк из форели на пару с отварными овощами Перекрёсток Select, 230г",72,0.0,0,0.830,True,1800378,4373584,"Гедза с курицей на пару Перекрёсток Select, 160г",0.556,1443279,78031257,"Латте на кокосовом молоке, 250мл",0.498
162,REVIEW,review_threshold,ПЕРЕКР.SEL.Лобио из кр.фас/гр.орех.,лобио из кр фас гр орех,119,4.7,4.8,14,180,True,2067841,4433429,"Лобио из красной фасоли с грецким орехом Перекрёсток Select, 180г",73,0.0,0,0.838,True,1832990,4381901,"Гуляш из курицы с овощами с гречкой отварной Перекрёсток Select, 240г",0.665,1581963,4324261,"Крем-суп грибной Перекрёсток Select, 300г",0.559
163,REVIEW,review_threshold,ПЕРЕК.SELECT Микс кап.цв/бр.мор.отв.,перек select микс кап цв бр мор отв,29.1,1.1,0.3,5.5,150,True,2109300,4433900,"Микс капусты цветной и брокколи с морковью отварной Перекрёсток Select, 150г",53,0.0,0,0.721,True,2013410,4405770,"Морковь По-Корейски Перекрёсток Select, 200г",0.494,1839638,4379037,"Морковь с баклажанами по-корейски Перекрёсток Select, 200г",0.429
164,AUTO,strong_kbju,ПЕРЕКР.SEL.Гратен картофел.с мясом,гратен картофел с мясом,150,6,10.1,8.8,340,True,2113111,4436367,"Гратен картофельный с мясом Перекрёсток Select, 340г",92,0.0,0,0.952,True,1438752,4201520,"Запеканка картофельная с мясом Перекрёсток Select, 200г",0.729,2116980,4437477,"Блинчики с мясом Перекрёсток Select, 240г",0.584
165,AUTO,strong_kbju,ПЕРЕКР.SEL.Жульен с индейкой/шампин.,жульен с индейкой шампин,170,11,12,4,200,True,2113115,4436602,"Жульен с индейкой и шампиньонами Перекрёсток Select, 200г",86,0.0,0,0.914,True,1389975,4133313,"Сэндвич-ролл Перекрёсток Select с индейкой, 200г",0.593,2026451,4409319,"Тортильони с индейкой и соусом с фенхелем Перекрёсток Select, 260г",0.587
166,AUTO,strong_kbju,ПЕРЕКР.SEL.Котлеты из курин.грудки,котлеты из курин грудки,288,15.5,24,2.5,160,True,2115686,4436606,"Котлеты из куриной грудки Перекрёсток Select, 160г",96,0.0,0,0.975,True,2063106,4403475,"Котлеты Сочные из индейки жареные Перекрёсток Select, 240г",0.594,2119609,4431933,"Котлеты куриные Перекрёсток Select, 160г",0.589
167,REVIEW,review_threshold,ПЕРЕКР.SEL.Лазанья по-мил.кур/с.беш.,лазанья по мил кур с беш,185,7.6,10.1,16,330,True,2115684,4437060,"Лазанья по-милански с курицей и соусом бешамель Перекрёсток Select, 330г",68,0.0,0,0.806,True,2016966,4401912,"Удон с курицей и овощами Перекрёсток Select, 215г",0.641,1800454,78034911,"Бейбичино Лаванда с миндальным напитком, 200мл",0.586
168,REVIEW,review_threshold,ПЕРЕКР.SEL.Мясо по-французс.кур/шам.,мясо по французс кур шам,187,12.8,13,4.7,190,True,2117413,4437462,"Мясо по-французски с курицей и шампиньонами Перекрёсток Select, 190г",72,0.0,0,0.830,True,2117789,4438649,"Суп куриный с фрикадельками Перекрёсток Select, 280г",0.569,2117518,78037358,"Шаурма с курицей-помидором-огурцом, 210г",0.545
169,REVIEW,review_threshold,ПЕРЕКР.SEL.Котл.говяд.с.бел.гр/к.п.,котл говяд с бел гр к п,197,7.3,14.6,8.5,280,True,2118254,4438651,"Котлета из говядины с соусом из белых грибов и картофельным пюре Перекрёсток Select, 280г",55,0.0,0,0.729,False,1521649,4309963,"Плов с говядиной Перекрёсток Select, 250г",0.564,1574331,4312150,"Азу из говядины с картофельным пюре Перекрёсток Select, 300г",0.554
193,AUTO,strong_kbju,"ФК Котлеты соч.из индейки жарен, шт",котлеты соч из индейки жарен шт,193,18.4,10.6,7.2,240,True,2063106,4403475,"Котлеты Сочные из индейки жареные Перекрёсток Select, 240г",88,0.0,0,0.925,True,1582452,4327212,"Котлеты из индейки с пюре из батата Зелёная Линия, 220г",0.704,2039520,4422205,"Котлеты из индейки с гречкой отварной Перекрёсток Select, 220г",0.680
170,AUTO,strong_kbju,ФК Паста с ветчиной и грибами шт.,паста с ветчиной и грибами шт,155,5.6,8.1,14.9,250,True,1349549,4123368,"Паста с ветчиной и грибами Перекрёсток Select, 250г",100,0.0,0,1.000,True,2016806,4406509,"Салат с ветчиной Перекрёсток Select, 180г",0.764,1601263,4310836,"Круассан с ветчиной и сыром Перекрёсток Select, 115г",0.652
171,AUTO,strong_kbju,ФК Паста Карбонара шт.,паста карбонара шт,259,8.2,17.8,16.4,250,True,1350336,4128971,"Паста Перекрёсток Select Карбонара, 250г",100,0.0,0,1.000,True,1396364,4156187,"Паста 4 сыра Перекрёсток Select, 250г",0.663,2016803,4406507,"Салат Крабовый Перекрёсток Select, 180г",0.609
172,AUTO,strong_kbju,ФК Паста Арабьята шт.,паста арабьята шт,139,4.2,4.3,20.9,250,True,1391885,4155363,"Паста Арабьята Перекрёсток Select, 250г",100,0.0,0,1.000,True,1396364,4156187,"Паста 4 сыра Перекрёсток Select, 250г",0.613,1350336,4128971,"Паста Перекрёсток Select Карбонара, 250г",0.583
173,AUTO,strong_kbju,ФК Паста 4 сыра шт.,паста 4 сыра шт,176,7.6,8.9,16.3,250,True,1396364,4156187,"Паста 4 сыра Перекрёсток Select, 250г",100,0.0,0,1.000,True,2043016,4420968,"Паста орзо с креветками в сливочно-томатном соусе Перекрёсток Select, 250г",0.652,2042810,4424682,"Паста с вешенками и куриным филе в сливочном соусе Перекрёсток Select, 250г",0.640
174,AUTO,strong_kbju,ФК Запеканка картофельная с мясом шт,запеканка картофельная с мясом шт,123,5.1,4.9,14.6,200,True,1438752,4201520,"Запеканка картофельная с мясом Перекрёсток Select, 200г",100,0.0,0,1.000,True,2113111,4436367,"Гратен картофельный с мясом Перекрёсток Select, 340г",0.716,2116980,4437477,"Блинчики с мясом Перекрёсток Select, 240г",0.555
175,REVIEW,review_threshold,ФК Спагет.НЕРО с кр.в том.соусе шт.,спагет неро с кр в том соусе шт,142,10.5,4.3,15.4,280,True,1561820,4289866,"Спагетти Неро с креветками в томатном соусе Перекрёсток Select, 280г",78,0.0,0,0.870,True,1828742,4382077,"Оладьи куриные со спагетти и томатным соусом Перекрёсток Select, 250г",0.713,2016804,4403477,"Биточек куриный со спагетти в томатном соусе Перекрёсток Select, 220г",0.709
215,REVIEW,review_threshold,ФКВ Салат КИМЧИ из кваш.ов.пек.кап.,салат кимчи из кваш ов пек кап,40.6,1.7,0.6,7.1,200,True,1840705,4377397,"Салат Кимчи из квашеных овощей из пекинской капусты Перекрёсток Select, 200 г",77,0.0,0,0.862,True,1832989,4381673,"Салат Дачный Перекрёсток Select, 160г",0.572,2113123,4430870,"Салат Оливье Перекрёсток Select, 180г",0.478
176,AUTO,strong_kbju,ФКВ Филе куриное с гречк/лук.соусом,филе куриное с гречк лук соусом,220,20,6.5,18,230,True,1521245,4309962,"Филе куриное с гречкой и луковым соусом Перекрёсток Select, 230г",89,0.0,0,0.931,True,1804126,4372373,"Паста с куриным филе и соусом песто Перекрёсток Select, 250 г",0.691,2026770,4410445,"Байтсы Rostic'S Фирменные из куриного филе с соусом терияки, 194г",0.674
177,AUTO,strong_kbju,ФКВ Плов с говядиной,плов с говядиной,216,8.4,7.2,29.2,250,True,1521649,4309963,"Плов с говядиной Перекрёсток Select, 250г",100,0.0,0,1.000,True,1405241,4175863,"Вок с говядиной Перекрёсток Select, 250г",0.827,2022011,78036648,"Круассан с копченой говядиной сыром и соусом терияки, 160г",0.772
178,AUTO,strong_kbju,ФКВ Кебабы мясные с картофелем,кебабы мясные с картофелем,220,5.6,16.4,10.4,250,True,1521244,4309968,"Кебабы мясные с картофелем Перекрёсток Select, 250г",100,0.0,0,1.000,True,2044350,4419226,"Биточки мясные с картофельным пюре Перекрёсток Select, 300г",0.728,2037972,4421474,"Шашлык из курицы с картофелем Перекрёсток Select, 250г",0.624
179,REVIEW,review_threshold,ФКВ Азу из говядины с карт.пюре шт.,азу из говядины с карт пюре шт,136,11.1,4.7,11.1,300,True,1574331,4312150,"Азу из говядины с картофельным пюре Перекрёсток Select, 300г",85,0.0,0,0.908,True,2118254,4438651,"Котлета из говядины с соусом из белых грибов и картофельным пюре Перекрёсток Select, 280г",0.694,2113121,4438168,"Студень из говядины Перекрёсток Select, 200г",0.651
180,AUTO,strong_kbju,ФКВ Говядина с черносливом с гр.шт.,говядина с черносливом с гр шт,148,10.6,2.1,21.4,300,True,1574330,4312151,"Говядина с черносливом и гречкой Перекрёсток Select, 300г",88,0.0,0,0.928,True,2038055,4422949,"Говядина томленая в перечном соусе с орзо Перекрёсток Select, 270г",0.634,1521649,4309963,"Плов с говядиной Перекрёсток Select, 250г",0.577
181,REVIEW,review_threshold,ФКВ Шницель по-минист.с рис/овощ.шт.,шницель по минист с рис овощ шт,305,15.6,7.3,44.2,300,True,1574329,4312153,"Шницель по-министерски с рисом и овощами Перекрёсток Select, 300г",79,0.0,0,0.873,True,1832996,4381913,"Шницель куриный в яйце с картофельным пюре Перекрёсток Select, 210г",0.489,2020868,78036494,"Бейбичино с сиропом и растительным молоком, 200мл",0.480
182,EXTERNAL_BRAND,external_brand,ЗЕЛ.ЛИН.Котл.из инд/пюре из бат.шт.,котл из инд пюре из бат шт,258,7.2,7.3,5.8,220,True,1582452,4327212,"Котлеты из индейки с пюре из батата Зелёная Линия, 220г",61,0.0,0,0.765,True,1574331,4312150,"Азу из говядины с картофельным пюре Перекрёсток Select, 300г",0.586,2063106,4403475,"Котлеты Сочные из индейки жареные Перекрёсток Select, 240г",0.585
183,EXTERNAL_BRAND,external_brand,ЗЕЛ.ЛИН.Котлеты из ин.на пару/ов.шт.,котлеты из ин на пару ов шт,88,3.4,3.3,3,250,True,1582449,4327213,"Котлеты из индейки на пару с овощами Зелёная Линия, 250г",80,0.0,0,0.880,True,2119609,4431933,"Котлеты куриные Перекрёсток Select, 160г",0.576,2039520,4422205,"Котлеты из индейки с гречкой отварной Перекрёсток Select, 220г",0.528
303,EXTERNAL_BRAND,external_brand,TAS.STORY Яблоко с корицей вяленые,яблоко с корицей вяленые,243,0.9,0.3,65.9,25,True,1848447,4388469,"Яблоко Tasty Story с корицей вяленое, 25г",80,0.0,0,0.880,True,1592163,4335249,"Блины с яблоком мёдом и корицей Перекрёсток Select, 240г",0.594,1828722,4381912,"Плов с курицей Перекрёсток Select, 300г",0.490
185,REVIEW,review_threshold,ФКВ Котлета де-вол.кур.филе гр/спаг.,котлета де вол кур филе гр спаг,176,8.4,6.3,21.5,250,True,1619668,4364437,"Котлета де-воляй из куриного филе с грибами и спагетти Перекрёсток Select, 250г",73,0.0,0,0.838,True,2037851,4417738,"Котлета куриная с картофельным пюре Перекрёсток Select, 250г",0.612,2039310,4421287,"Котлеты куриные паровые Перекрёсток Select, 160г",0.545
186,AUTO,strong_kbju,ФКВ Оладьи из кур.с рис.и овощ.,оладьи из кур с рис и овощ,191,10.3,6.9,22.4,250,True,1619669,4364439,"Оладьи из курицы с рисом и овощами Перекрёсток Select, 250г",87,0.0,0,0.920,True,2016966,4401912,"Удон с курицей и овощами Перекрёсток Select, 215г",0.707,2021724,4407908,"Оладьи жареные Перекрёсток Select, 250г",0.624
187,AUTO,strong_kbju,ПЕРЕКР.SEL.Котлеты ПОЖАРСКИЕ,котлеты пожарские,236.8,13.4,14,14.3,160,True,1829010,4377883,"Котлеты Пожарские Перекрёсток Select, 160г",100,0.0,0,1.000,True,2063106,4403475,"Котлеты Сочные из индейки жареные Перекрёсток Select, 240г",0.630,2115686,4436606,"Котлеты из куриной грудки Перекрёсток Select, 160г",0.594
188,AUTO,strong_kbju,ПЕРЕКР.SEL.Шницель куриный в яич.кл.,шницель куриный в яич кл,190.1,15.1,4.9,21.4,180,True,1829009,4377884,"Шницель Куриный в яичном кляре Перекрёсток Select, 180г",89,0.0,0,0.933,True,1832996,4381913,"Шницель куриный в яйце с картофельным пюре Перекрёсток Select, 210г",0.754,2016804,4403477,"Биточек куриный со спагетти в томатном соусе Перекрёсток Select, 220г",0.662
189,AUTO,strong_kbju,ФКВ Вареники с картофелем и грибами,вареники с картофелем и грибами,220,4.9,9.4,28.9,200,True,1835650,4383866,"Вареники с картофелем и грибами Перекрёсток Select, 200г",100,0.0,0,1.000,True,2042777,4425837,"Пирог Осетинский с картофелем и сыром Перекрёсток Select, 200г",0.711,1846918,4389855,"Филе куриное с грибами под сырной корочкой с картофелем Перекрёсток Select, 240г",0.688
190,AUTO,strong_kbju,ПЕРЕКР.SEL.Зразы карт.с грибами,зразы карт с грибами,104.2,2.8,5.4,12.7,230,True,1843095,4387092,"Зразы картофельные с грибами Перекрёсток Select,  230г",86,0.0,0,0.914,True,1835650,4383866,"Вареники с картофелем и грибами Перекрёсток Select, 200г",0.582,2024160,4407903,"Блинчики с курицей и грибами в сливочном соусе Перекрёсток Select, 400г",0.568
191,AUTO,strong_kbju,ФК Курица терияки на рисе,курица терияки на рисе,194,12,4.6,26.2,215,True,2019769,4401909,"Курица терияки на рисе Перекрёсток Select, 215г",100,0.0,0,1.000,True,1438870,4147836,"Сырники с курагой Перекрёсток Select, 220г",0.674,2035716,4409325,"Курица Том Ям с рисом Перекрёсток Select, 230г",0.647
192,AUTO,strong_kbju,ФК Удон с курицей и овощами,удон с курицей и овощами,211,9.2,9.8,21.6,215,True,2016966,4401912,"Удон с курицей и овощами Перекрёсток Select, 215г",100,0.0,0,1.000,True,1833336,4381676,"Лапша удон с курицей Перекрёсток Select, 300г",0.795,1405242,4175864,"Вок с курицей Перекрёсток Select, 250г",0.788
304,EXTERNAL_BRAND,external_brand,TAS.STORY Дыня вяленая,дыня вяленая,341,0.7,0.1,82.2,30,True,1848446,4388470,"Дыня  Tasty Story вяленая, 30г",100,0.0,0,1.000,True,1848455,4388471,"Хурма Tasty Story вяленая, 30г",0.628,2118497,4437972,"Солянка мясная Перекрёсток Select, 250г",0.328
194,REVIEW,review_threshold,ФК Биточек кур.спаг.в т/с,биточек кур спаг в т с,180,9.4,6.2,21.6,220,True,2016804,4403477,"Биточек куриный со спагетти в томатном соусе Перекрёсток Select, 220г",67,0.0,0,0.800,True,2028914,4409329,"Биточек куриный с соусом из болгарского перца и картофельным пюре Перекрёсток Select, 250г",0.642,2044350,4419226,"Биточки мясные с картофельным пюре Перекрёсток Select, 300г",0.572
195,REVIEW,review_threshold,ФК Тортильони с инд/соус.с фенх.,тортильони с инд соус с фенх,137,8.1,5.9,13,260,True,2026451,4409319,"Тортильони с индейкой и соусом с фенхелем Перекрёсток Select, 260г",80,0.0,0,0.880,True,2067972,4428967,"Тортилья с куриным филе хашбрауном и овощами Перекрёсток Select, 245г",0.526,1803412,4372001,"Соус Сальса Перекрёсток Select, 35г",0.487
196,REVIEW,review_threshold,ФК Курица анан.кис-слад.соусе/рис.,курица анан кис слад соусе рис,191,7.5,7.4,23.7,220,True,2027271,4409320,"Курица с ананасами в кисло-сладком соусе и рисом Перекрёсток Select, 220г",77,0.0,0,0.862,True,2038054,4423023,"Курица карри с вешенками и рисом басмати Перекрёсток Select, 285г",0.711,2019769,4401909,"Курица терияки на рисе Перекрёсток Select, 215г",0.660
197,AUTO,strong_kbju,ФК Свинина в соусе барбекю с рисом,свинина в соусе барбекю с рисом,230,4.6,13,23.8,240,True,2038893,4409321,"Свинина в соусе барбекю с рисом Перекрёсток Select, 240г",100,0.0,0,1.000,True,2023151,78036647,"Бейгл с индейкой грибами и соусом барбекю, 175г",0.693,2027271,4409320,"Курица с ананасами в кисло-сладком соусе и рисом Перекрёсток Select, 220г",0.692
198,AUTO,strong_kbju,ФК Паста с цыпл.в соусе Пепе Вер.,паста с цыпл в соусе пепе вер,189,9.6,7.8,20.2,230,True,2027006,4409322,"Паста с цыпленком в соусе Пепе Верде Перекрёсток Select, 230г",89,0.0,0,0.935,True,2042810,4424682,"Паста с вешенками и куриным филе в сливочном соусе Перекрёсток Select, 250г",0.790,2043016,4420968,"Паста орзо с креветками в сливочно-томатном соусе Перекрёсток Select, 250г",0.780
199,AUTO,strong_kbju,ФК Тефтели мясные в сливочно-том.с.,тефтели мясные в сливочно том с,221,9.5,15.6,10.7,370,True,2039388,4409324,"Тефтели мясные в сливочно-томатном соусе Перекрёсток Select, 370г",89,0.0,0,0.936,True,2044350,4419226,"Биточки мясные с картофельным пюре Перекрёсток Select, 300г",0.654,2043016,4420968,"Паста орзо с креветками в сливочно-томатном соусе Перекрёсток Select, 250г",0.601
216,REVIEW,review_threshold,ПЕРЕКР.SEL.Морковь с баклаж.по-кор.,морковь с баклаж по кор,110,2,8,9,200,True,1839638,4379037,"Морковь с баклажанами по-корейски Перекрёсток Select, 200г",82,0.0,0,0.893,True,2013414,4405772,"Капуста с морковью по-корейски Перекрёсток Select, 200г",0.745,2013409,4405776,"Морковь со спаржей по-корейски Перекрёсток Select, 200г",0.710
305,EXTERNAL_BRAND,external_brand,TAS.STORY Хурма вяленая,хурма вяленая,230,2,0.6,55,30,True,1848455,4388471,"Хурма Tasty Story вяленая, 30г",100,0.0,0,1.000,True,1848446,4388470,"Дыня  Tasty Story вяленая, 30г",0.606,1800452,78035069,"Матча Латте, 400мл",0.388
200,AUTO,strong_kbju,ФК Курица ТОМ ЯМ с рисом,курица том ям с рисом,189,8.1,9.3,18.3,230,True,2035716,4409325,"Курица Том Ям с рисом Перекрёсток Select, 230г",100,0.0,0,1.000,True,2038054,4423023,"Курица карри с вешенками и рисом басмати Перекрёсток Select, 285г",0.839,2027271,4409320,"Курица с ананасами в кисло-сладком соусе и рисом Перекрёсток Select, 220г",0.828
201,AUTO,strong_kbju,ФК Ежики мясные с рисом,ежики мясные с рисом,832,5.5,10.9,19.7,270,True,2026888,4409326,"Ежики мясные с рисом Перекрёсток Select, 270г",100,0.0,0,1.000,True,2035716,4409325,"Курица Том Ям с рисом Перекрёсток Select, 230г",0.649,2116980,4437477,"Блинчики с мясом Перекрёсток Select, 240г",0.611
202,REVIEW,review_threshold,ФК Бит.кур.с соус.бол.пер/карт.пюре,бит кур с соус бол пер карт пюре,129,6.3,6.1,12.3,250,True,2028914,4409329,"Биточек куриный с соусом из болгарского перца и картофельным пюре Перекрёсток Select, 250г",66,0.0,0,0.796,True,2039689,4420760,"Бризоль куриная с пенне и соусом Перекрёсток Select, 250г",0.700,1828718,4382076,"Курица по-французски с картофельным пюре Перекрёсток Select, 250г",0.659
203,AUTO,strong_kbju,ФК Голубцы ленивые в том-смет.соусе,голубцы ленивые в том смет соусе,166,9.2,9.4,11.2,150,True,2032874,4410403,"Голубцы ленивые в томатно-сметанном соусе Перекрёсток Select, 150г",88,0.0,0,0.926,True,2039388,4409324,"Тефтели мясные в сливочно-томатном соусе Перекрёсток Select, 370г",0.661,2016804,4403477,"Биточек куриный со спагетти в томатном соусе Перекрёсток Select, 220г",0.624
204,AUTO,strong_kbju,ФК Котлеты куриные с картофел.пюре,котлеты куриные с картофел пюре,140,7.5,7.5,10.7,450,True,2042920,4415660,"Котлеты куриные с картофельным пюре Перекрёсток Select, 450г",94,0.0,0,0.964,True,2037851,4417738,"Котлета куриная с картофельным пюре Перекрёсток Select, 250г",0.909,2119609,4431933,"Котлеты куриные Перекрёсток Select, 160г",0.797
205,AUTO,strong_kbju,ФК Печень ПО-СТРОГАНОВСКИ карт.пюре,печень по строгановски карт пюре,173,13.4,12.1,2.6,300,True,2035056,4415661,"Печень По-Строгановски с картофельным пюре Перекрёсток Select, 300г",92,0.0,0,0.949,True,1828716,4381905,"Котлета по-киевски с картофельным пюре Перекрёсток Select, 280г",0.587,1828718,4382076,"Курица по-французски с картофельным пюре Перекрёсток Select, 250г",0.579
206,AUTO,strong_kbju,ФК Котлета куриная с картофел.пюре,котлета куриная с картофел пюре,140,7.5,7.5,10.7,250,True,2037851,4417738,"Котлета куриная с картофельным пюре Перекрёсток Select, 250г",94,0.0,0,0.964,True,2042920,4415660,"Котлеты куриные с картофельным пюре Перекрёсток Select, 450г",0.909,1828725,4381904,"Котлета Пожарская с картофельным пюре Перекрёсток Select, 250г",0.809
217,AUTO,strong_kbju,ФКВ Салат ДАЧНЫЙ,салат дачный,81.9,1,5.5,7.1,160,True,1832989,4381673,"Салат Дачный Перекрёсток Select, 160г",100,0.0,0,1.000,True,2016806,4406509,"Салат с ветчиной Перекрёсток Select, 180г",0.589,2016803,4406507,"Салат Крабовый Перекрёсток Select, 180г",0.573
316,EXTERNAL_BRAND,external_brand,LEMONARDO Нап.ГРУШЕВ.б/а с/сод.с/г,нап грушев б а с сод с г,28,0,0,7,330,True,1836205,4381194,"Напиток газированный Lemonardo Грушевый сокосодержащий, 330мл",47,0.0,0,0.684,True,1625200,78034899,"Айс Латте с соевым напитком, 350мл",0.419,1800440,78034903,"Бейбичино Бабл Гам с соевым напитком, 200мл",0.379
207,AUTO,strong_kbju,ФК Биточки мясные с картофельн.пюре,биточки мясные с картофельн пюре,173,7,11.5,10.3,300,True,2044350,4419226,"Биточки мясные с картофельным пюре Перекрёсток Select, 300г",97,0.0,0,0.982,True,1591188,4332829,"Бефстроганов с картофельным пюре Перекрёсток Select, 250г",0.768,1521244,4309968,"Кебабы мясные с картофелем Перекрёсток Select, 250г",0.721
208,REVIEW,review_threshold,ПЕРЕК.SELEC Оладьи из каб.смет.,перек selec оладьи из каб смет,169.1,4.2,14.3,5.9,170,True,2039519,4419957,"Оладьи из кабачков со сметаной Перекрёсток Select, 170г",63,0.0,0,0.780,True,1828720,4382078,"Оладьи куриные Перекрёсток Select, 160г",0.646,2021724,4407908,"Оладьи жареные Перекрёсток Select, 250г",0.577
209,AUTO,strong_kbju,ПЕРЕКР.SEL.Котлеты из индейки гр.от.,котлеты из индейки гр от,150.1,11.3,5.3,14.3,220,True,2039520,4422205,"Котлеты из индейки с гречкой отварной Перекрёсток Select, 220г",86,0.0,0,0.914,True,2063106,4403475,"Котлеты Сочные из индейки жареные Перекрёсток Select, 240г",0.754,1582452,4327212,"Котлеты из индейки с пюре из батата Зелёная Линия, 220г",0.749
210,AUTO,strong_kbju,ФК Рис ЖАСМИН,рис жасмин,175,3.2,3.4,32.9,180,True,2109814,4428514,"Рис Жасмин Перекрёсток Select, 180г",100,0.0,0,1.000,True,1570981,4200603,"Сырники жареные Перекрёсток Select, 110г",0.493,1440678,4201519,"Сырники жареные Перекрёсток Select, 440г",0.493
211,AUTO,strong_kbju,ФК Макароны по-флотски,макароны по флотски,188,10,8.9,17,180,True,2119606,4428515,"Макароны по-флотски Перекрёсток Select, 180г",100,0.0,0,1.000,True,1829010,4377883,"Котлеты Пожарские Перекрёсток Select, 160г",0.602,2021724,4407908,"Оладьи жареные Перекрёсток Select, 250г",0.559
212,AUTO,strong_kbju,ФК Котлеты куриные,котлеты куриные,131,21.8,4.4,1.1,160,True,2119609,4431933,"Котлеты куриные Перекрёсток Select, 160г",100,0.0,0,1.000,True,2039310,4421287,"Котлеты куриные паровые Перекрёсток Select, 160г",0.876,2042920,4415660,"Котлеты куриные с картофельным пюре Перекрёсток Select, 450г",0.797
213,REVIEW,review_threshold,ФКВ Греческий салат с цитр.Дрес.шт.,греческий салат с цитр дрес шт,161,2.5,14.7,4.4,210,True,1448056,4223586,"Греческий салат с цитрусовым дрессингом Перекрёсток Select, 210г",78,0.0,0,0.870,True,2127669,4438508,"Салат Алекс Перекрёсток Select, 170г",0.674,2113123,4430870,"Салат Оливье Перекрёсток Select, 180г",0.664
214,REVIEW,review_threshold,ФКВ Салат из свек/бр.с соус.пес.шт.,салат из свек бр с соус пес шт,141,3.6,12.8,3.1,170,True,1588479,4331972,"Салат из свеклы и брынзы с соусом песто Перекрёсток Select, 170г",78,0.0,0,0.870,True,2127669,4438508,"Салат Алекс Перекрёсток Select, 170г",0.670,2016806,4406509,"Салат с ветчиной Перекрёсток Select, 180г",0.669
299,AUTO,strong_kbju,HANUTA Вафли HASELNUSS,hanuta вафли haselnuss,542,7.6,31.9,54,44,True,1836657,4386335,"Вафли Hanuta Haselnuss, 44г",100,0.0,0,1.000,True,1840204,4385807,"Вафли Kinder Happy Hippo Cacao, 20.7г",0.550,1848450,4388468,"Драже Tasty Story Кешью Малина, 40г",0.457
218,REVIEW,review_threshold,ФКВ Салат НИСУАЗ ф-кус.тун.з/г-м.с.,салат нисуаз ф кус тун з г м с,192,7.6,13.7,8.5,215,True,1853658,4398544,"Салат Нисуаз с филе-кусочками тунца запеченного и горчично-медовым соусом Перекрёсток Select, 215г",64,0.0,0,0.782,True,2127669,4438508,"Салат Алекс Перекрёсток Select, 170г",0.691,2016806,4406509,"Салат с ветчиной Перекрёсток Select, 180г",0.673
219,REVIEW,review_threshold,ФКВ Морковь ПО-КОРЕЙСКИ,морковь по корейски,60,1.1,2.7,5.3,200,True,2013410,4405770,"Морковь По-Корейски Перекрёсток Select, 200г",100,15.1,0,0.940,True,1839638,4379037,"Морковь с баклажанами по-корейски Перекрёсток Select, 200г",0.802,2013409,4405776,"Морковь со спаржей по-корейски Перекрёсток Select, 200г",0.781
220,AUTO,strong_kbju,ФКВ Капуста с морковью по-корейски,капуста с морковью по корейски,115.4,2.2,5.4,14.8,200,True,2013414,4405772,"Капуста с морковью по-корейски Перекрёсток Select, 200г",100,0.0,0,1.000,True,1839638,4379037,"Морковь с баклажанами по-корейски Перекрёсток Select, 200г",0.791,2013410,4405770,"Морковь По-Корейски Перекрёсток Select, 200г",0.683
221,AUTO,strong_kbju,ФКВ Спаржа по-корейски,спаржа по корейски,230,12,15,10,200,True,2013412,4405773,"Спаржа По-Корейски Перекрёсток Select, 200г",100,0.0,0,1.000,True,1839638,4379037,"Морковь с баклажанами по-корейски Перекрёсток Select, 200г",0.663,2013409,4405776,"Морковь со спаржей по-корейски Перекрёсток Select, 200г",0.662
222,AUTO,strong_kbju,ФКВ Морковь со спаржей по-корейски,морковь со спаржей по корейски,117,2.4,7.2,11.4,200,True,2013409,4405776,"Морковь со спаржей по-корейски Перекрёсток Select, 200г",100,0.0,0,1.000,True,2013410,4405770,"Морковь По-Корейски Перекрёсток Select, 200г",0.838,1839638,4379037,"Морковь с баклажанами по-корейски Перекрёсток Select, 200г",0.812
223,AUTO,strong_kbju,ПЕРЕКР.SEL.Салат ГНЕЗДО ГЛУХАРЯ,салат гнездо глухаря,250,8.8,20.4,7.7,200,True,2113109,4436411,"Салат Гнездо Глухаря Перекрёсток Select, 200г",100,0.0,0,1.000,True,2127669,4438508,"Салат Алекс Перекрёсток Select, 170г",0.656,2113123,4430870,"Салат Оливье Перекрёсток Select, 180г",0.636
224,AUTO,strong_kbju,ПЕРЕКР.SEL.Салат с тунцом/красн.фас.,салат с тунцом красн фас,230,13.1,16.3,7.9,200,True,2113103,4437991,"Салат с тунцом и красной фасолью Перекрёсток Select, 200г",86,0.0,0,0.914,True,1619509,4364442,"Салат с тунцом и картофелем Перекрёсток Select, 200г",0.793,2018099,4406506,"Салат пикантный с сыром Перекрёсток Select, 180г",0.700
225,AUTO,strong_kbju,ФК Винегрет овощной с маслом,винегрет овощной с маслом,108,1.7,5.6,12.8,180,True,1307009,3681084,"Винегрет овощной Перекрёсток Select, 180г",100,0.0,0,1.000,True,1581962,4325413,"Борщ овощной Перекрёсток Select, 300г",0.723,2039267,4416808,"Каша гречневая со сливочным маслом Перекрёсток Select, 200г",0.539
226,AUTO,strong_kbju,ФК Салат МИМОЗА,салат мимоза,200,7.5,16.1,6.3,200,True,1307040,3681151,"Салат Мимоза Шеф Перекрёсток, 200г",100,0.0,0,1.000,True,2113712,4435666,"Салат Мимоза с неркой Перекрёсток Select, 200г",0.850,1457751,4225649,"Салат Цезарь Перекрёсток Select, 220г",0.703
227,AUTO,strong_kbju,ФК Салат сельдь под шубой,салат сельдь под шубой,198,6.2,15,9.3,250,True,1307417,3682462,"Салат Сельдь под шубой Перекрёсток Select, 250г",100,0.0,0,1.000,True,2113123,4430870,"Салат Оливье Перекрёсток Select, 180г",0.688,2127669,4438508,"Салат Алекс Перекрёсток Select, 170г",0.661
228,AUTO,strong_kbju,ФК Салат с индейкой-барбекю шт.,салат с индейкой барбекю шт,178,6.8,12.5,9.7,210,True,1397206,4147826,"Салат Перекрёсток Select с индейкой-барбекю, 210г",100,0.0,0,1.000,True,2023151,78036647,"Бейгл с индейкой грибами и соусом барбекю, 175г",0.750,2127669,4438508,"Салат Алекс Перекрёсток Select, 170г",0.679
229,AUTO,strong_kbju,ФК Салат Цезарь шт,салат цезарь шт,167,9.2,13.3,3.5,220,True,1457751,4225649,"Салат Цезарь Перекрёсток Select, 220г",100,0.0,0,1.000,True,1592567,4268960,"Салат Цезарь с креветками Перекрёсток Select, 190г",0.870,2127669,4438508,"Салат Алекс Перекрёсток Select, 170г",0.759
230,AUTO,strong_kbju,ФК Салат ЦЕЗАРЬ с креветками шт.,салат цезарь с креветками шт,193,7.9,16,4.3,190,True,1592567,4268960,"Салат Цезарь с креветками Перекрёсток Select, 190г",100,0.0,0,1.000,True,1457751,4225649,"Салат Цезарь Перекрёсток Select, 220г",0.937,2031834,4403479,"Сэндвич-ролл Цезарь с креветками Перекрёсток Select, 175г",0.743
231,REVIEW,review_threshold,ФКВ Поке с крев и соус Альтерно шт.,поке с крев и соус альтерно шт,172.3,6.8,11.9,9.5,210,True,1494094,4276196,"Поке с креветками и соусом Альтерно Перекрёсток Select, 210г",83,0.0,0,0.898,True,2039689,4420760,"Бризоль куриная с пенне и соусом Перекрёсток Select, 250г",0.624,2123213,78037561,"Чиабатта с курицей барбекю и соусом песто, 140г",0.552
232,REVIEW,review_threshold,"ФКВ Салат с кур.филе, фунч.и овощ.",салат с кур филе фунч и овощ,177,7.5,10.7,12,220,True,1619510,4364440,"Салат с куриным филе фунчозой и овощами Перекрёсток Select, 220г",84,0.0,0,0.901,True,1853658,4398544,"Салат Нисуаз с филе-кусочками тунца запеченного и горчично-медовым соусом Перекрёсток Select, 215г",0.740,2016966,4401912,"Удон с курицей и овощами Перекрёсток Select, 215г",0.705
233,AUTO,strong_kbju,ФКВ Салат с тунцом и карт.,салат с тунцом и карт,219,9.1,17.4,7.3,200,True,1619509,4364442,"Салат с тунцом и картофелем Перекрёсток Select, 200г",88,0.0,0,0.925,True,2113103,4437991,"Салат с тунцом и красной фасолью Перекрёсток Select, 200г",0.870,2018099,4406506,"Салат пикантный с сыром Перекрёсток Select, 180г",0.737
300,EXTERNAL_BRAND,external_brand,TAS.STORY Драже МИНДАЛЬ вкус.пряника,драже миндаль вкус пряника,566.5,18.1,42,29.1,40,True,2012013,4388200,"Драже Tasty Story со вкусом пряника, 40г",67,0.0,0,0.800,True,1848448,4388467,"Драже Tasty Story Миндаль Солёная Карамель, 40г",0.777,2119920,78037345,"Пирожное со вкусом пина колада, 70г",0.511
620,EXTERNAL_BRAND,external_brand,PINCH&DROP Основа ПЮРЕ ЧЕР.фр.д/с/к/д.,основа пюре чер фр д с к д,,,,,1,False,2114294,78037428,Основа Тыква 9г,57,,8,0.343,False,2127128,78037558,Основа Тыква 25г,0.327,2114174,78037424,Основа Малина 9г,0.327
234,AUTO,strong_kbju,ФК Салат СТОЛИЧНЫЙ с курицей,салат столичный с курицей,164,8.7,11.9,5.5,180,True,2017144,4401910,"Салат Столичный с курицей Перекрёсток Select, 180г",100,0.0,0,1.000,True,1405242,4175864,"Вок с курицей Перекрёсток Select, 250г",0.707,1499477,4280523,"Рамен с курицей Перекрёсток Select, 300г",0.704
235,AUTO,strong_kbju,ФК Салат из свеклы с чесноком,салат из свеклы с чесноком,131,1.6,6.4,16.7,180,True,2016805,4401911,"Салат из свеклы с чесноком Перекрёсток Select, 180г",100,0.0,0,1.000,True,1588479,4331972,"Салат из свеклы и брынзы с соусом песто Перекрёсток Select, 170г",0.680,2016806,4406509,"Салат с ветчиной Перекрёсток Select, 180г",0.577
236,REVIEW,review_threshold,ФК Салат с говяжьей печен/шам/гр.ор.,салат с говяжьей печен шам гр ор,251,7.2,21.1,8.2,180,True,2017480,4406504,"Салат с говяжьей печенью шампиньонами и грецким орехом, 180г",74,0.0,0,0.847,True,2113123,4430870,"Салат Оливье Перекрёсток Select, 180г",0.644,2127669,4438508,"Салат Алекс Перекрёсток Select, 170г",0.633
237,AUTO,strong_kbju,ФК Салат ФАВОРИТ,салат фаворит,193,8.2,16.5,2.9,180,True,2020015,4406505,"Салат Фаворит Перекрёсток Select, 180г",100,0.0,0,1.000,True,1457751,4225649,"Салат Цезарь Перекрёсток Select, 220г",0.723,2127669,4438508,"Салат Алекс Перекрёсток Select, 170г",0.709
238,AUTO,strong_kbju,ФК Салат пикантный с сыром,салат пикантный с сыром,237,5.3,20.5,7.9,180,True,2018099,4406506,"Салат пикантный с сыром Перекрёсток Select, 180г",100,0.0,0,1.000,True,2113103,4437991,"Салат с тунцом и красной фасолью Перекрёсток Select, 200г",0.688,2020422,4406508,"Салат Коул Слоу капустный Перекрёсток Select, 180г",0.681
239,AUTO,strong_kbju,ФК Салат КРАБОВЫЙ,салат крабовый,214,5.7,16.7,10.3,180,True,2016803,4406507,"Салат Крабовый Перекрёсток Select, 180г",100,0.0,0,1.000,True,2113123,4430870,"Салат Оливье Перекрёсток Select, 180г",0.698,2127669,4438508,"Салат Алекс Перекрёсток Select, 170г",0.636
254,AUTO,strong_kbju,ПЕРЕКР.SEL.Соус БАРБЕКЮ,соус барбекю,143,0.5,1.1,32.5,30,True,2062772,4428531,"Соус Барбекю Перекрёсток Select, 30г",100,0.0,0,1.000,True,2038893,4409321,"Свинина в соусе барбекю с рисом Перекрёсток Select, 240г",0.597,2123213,78037561,"Чиабатта с курицей барбекю и соусом песто, 140г",0.589
240,AUTO,strong_kbju,ФК Салат КОУЛ СЛОУ капустный,салат коул слоу капустный,207,1.5,17.8,10.1,180,True,2020422,4406508,"Салат Коул Слоу капустный Перекрёсток Select, 180г",100,0.0,0,1.000,True,2018099,4406506,"Салат пикантный с сыром Перекрёсток Select, 180г",0.681,2113123,4430870,"Салат Оливье Перекрёсток Select, 180г",0.607
241,AUTO,strong_kbju,ФК Салат с ветчиной,салат с ветчиной,152,5.4,11.9,6,180,True,2016806,4406509,"Салат с ветчиной Перекрёсток Select, 180г",100,0.0,0,1.000,True,2127975,4437243,"Клаб Сэндвич двойной с ветчиной и сыром Перекрёсток Select, 190г",0.705,2116381,4437080,"Блинчики с ветчиной и сыром Перекрёсток Select, 240г",0.687
242,AUTO,strong_kbju,ФК Салат ОЛИВЬЕ с говядиной,салат оливье с говядиной,168,6.9,12.7,6.4,180,True,2017145,4406510,"Салат Оливье с говядиной Перекрёсток Select, 180г",100,0.0,0,1.000,True,2113123,4430870,"Салат Оливье Перекрёсток Select, 180г",0.933,1405241,4175863,"Вок с говядиной Перекрёсток Select, 250г",0.757
243,AUTO,strong_kbju,ФК Салат ОЛИВЬЕ,салат оливье,185,5.8,15.9,5,180,True,2113123,4430870,"Салат Оливье Перекрёсток Select, 180г",100,0.0,0,1.000,True,2017145,4406510,"Салат Оливье с говядиной Перекрёсток Select, 180г",0.933,2127669,4438508,"Салат Алекс Перекрёсток Select, 170г",0.736
244,AUTO,strong_kbju,ФК Салат сырный,салат сырный,533,10.4,53.4,2.8,180,True,2113714,4431932,"Салат сырный Перекрёсток Select, 180г",100,0.0,0,1.000,True,2062771,4428533,"Соус Сырный майонезный Перекрёсток Select, 30г",0.629,2016803,4406507,"Салат Крабовый Перекрёсток Select, 180г",0.569
245,AUTO,strong_kbju,ФК Салат МИМОЗА С НЕРКОЙ,салат мимоза с неркой,270,10.5,24.3,2.4,200,True,2113712,4435666,"Салат Мимоза с неркой Перекрёсток Select, 200г",100,0.0,0,1.000,True,1307040,3681151,"Салат Мимоза Шеф Перекрёсток, 200г",0.691,2127669,4438508,"Салат Алекс Перекрёсток Select, 170г",0.645
246,AUTO,strong_kbju,ФК Салат АЛЕКС,салат алекс,174,9.3,13.4,3.9,170,True,2127669,4438508,"Салат Алекс Перекрёсток Select, 170г",100,0.0,0,1.000,True,2113123,4430870,"Салат Оливье Перекрёсток Select, 180г",0.736,2127714,4441232,"Салат с кальмаром и красной икрой Перекрёсток Select, 170г",0.691
247,REVIEW,review_threshold,ФК Салат коп.курицей/яблок/орех/сел.,салат коп курицей яблок орех сел,307,6.5,29.4,4,170,True,2127713,4438509,"Салат  копченой курицей/яблоками/орехами/сельдереем Перекрёсток Select, 170г",78,0.0,0,0.868,True,2017144,4401910,"Салат Столичный с курицей Перекрёсток Select, 180г",0.652,1405242,4175864,"Вок с курицей Перекрёсток Select, 250г",0.582
248,AUTO,strong_kbju,ФК Салат с кальмаром/красной икрой,салат с кальмаром красной икрой,246,10.9,20.7,4.1,170,True,2127714,4441232,"Салат с кальмаром и красной икрой Перекрёсток Select, 170г",100,0.0,0,1.000,True,2113103,4437991,"Салат с тунцом и красной фасолью Перекрёсток Select, 200г",0.726,2127669,4438508,"Салат Алекс Перекрёсток Select, 170г",0.691
249,AUTO,strong_kbju,ПЕРЕКР.SEL.Соус САЛЬСА,соус сальса,68,1.3,0.6,14.3,35,True,1803412,4372001,"Соус Сальса Перекрёсток Select, 35г",100,0.0,0,1.000,True,2062773,4428532,"Соус Чили Сладкий Перекрёсток Select, 30г",0.554,2126345,4441219,"Соус брусничный Перекрёсток Select, 30г",0.448
250,REVIEW,review_threshold,ПЕРЕКР.SEL.Соус МЕД-ГОРЧ.осн.рас.мас.,соус мед горч осн рас мас,204,1.1,12.4,22,35,True,1803408,4372004,"Соус Медово-Горчичный Перекрёсток Select, 35г",61,0.0,0,0.765,True,1803412,4372001,"Соус Сальса Перекрёсток Select, 35г",0.508,1832995,4381902,"Колбаски по-нюрнбергски с картофелем и горчичным соусом Перекрёсток Select, 205г",0.497
251,AUTO,strong_kbju,ПЕРЕКР.SEL.Соус клубничный,соус клубничный,160,0.2,0.2,38.8,35,True,1803413,4372008,"Соус Клубничный Перекрёсток Select, 35г",100,0.0,0,1.000,True,2126345,4441219,"Соус брусничный Перекрёсток Select, 30г",0.880,1839202,78036074,"Торт Чизкейк Клубничный Элит, 115г",0.628
252,AUTO,strong_kbju,ПЕРЕКР.SEL.Соус малиновый,соус малиновый,160,0.2,0.1,38.8,35,True,1803406,4372009,"Соус Малиновый Перекрёсток Select, 35г",100,0.0,0,1.000,True,1803413,4372008,"Соус Клубничный Перекрёсток Select, 35г",0.764,2126345,4441219,"Соус брусничный Перекрёсток Select, 30г",0.722
253,AUTO,strong_kbju,ПЕРЕКР.SEL.Соус ЧЕСНОЧНЫЙ майонезный,соус чесночный майонезный,500,0.5,52.7,5.9,30,True,2062774,4428530,"Соус Чесночный майонезный Перекрёсток Select, 30г",100,0.0,0,1.000,True,2062771,4428533,"Соус Сырный майонезный Перекрёсток Select, 30г",0.765,2026689,78036664,"Торт Воздушный с черникой, 130г",0.457
282,REVIEW,review_threshold,ПЕРЕКР.SEL.Ананас,ананас,52,0.3,0.1,11.8,140,True,2123376,4441625,"Ананас  Перекрёсток Select, 300г",100,0.0,160,1.000,True,2123190,4441572,"Ананас  Перекрёсток Select, 140г",1.000,2123416,4441668,"Смесь ананас-клубника-голубика Перекресток Select, 200г",0.969
255,AUTO,strong_kbju,ПЕРЕКР.SEL.Соус ЧИЛИ СЛАДКИЙ,соус чили сладкий,172,0.7,0.5,41,30,True,2062773,4428532,"Соус Чили Сладкий Перекрёсток Select, 30г",100,0.0,0,1.000,True,1847289,78036007,"Онигири запечённый с курицей сладкий чили, 160г",0.669,2126345,4441219,"Соус брусничный Перекрёсток Select, 30г",0.556
256,AUTO,strong_kbju,ПЕРЕКР.SEL.Соус СЫРНЫЙ майонезный,соус сырный майонезный,380,1.5,39.8,4.1,30,True,2062771,4428533,"Соус Сырный майонезный Перекрёсток Select, 30г",100,0.0,0,1.000,True,2062774,4428530,"Соус Чесночный майонезный Перекрёсток Select, 30г",0.765,2113714,4431932,"Салат сырный Перекрёсток Select, 180г",0.629
257,AUTO,strong_kbju,ПЕРЕКР.SEL.Соус брусничный,соус брусничный,160,0.2,0.2,38.9,30,True,2126345,4441219,"Соус брусничный Перекрёсток Select, 30г",100,0.0,0,1.000,True,1803413,4372008,"Соус Клубничный Перекрёсток Select, 35г",0.880,1803406,4372009,"Соус Малиновый Перекрёсток Select, 35г",0.722
258,AUTO,strong_kbju,ПЕРЕКР.SEL.Суп гороховый с копчен.,суп гороховый с копчен,103.3,3.3,6.3,7.7,300,True,1394357,4163238,"Суп гороховый с копченостями Перекрёсток Select, 300г",88,0.0,0,0.928,True,1581963,4324261,"Крем-суп грибной Перекрёсток Select, 300г",0.650,2117789,4438649,"Суп куриный с фрикадельками Перекрёсток Select, 280г",0.579
259,REVIEW,review_threshold,ФКВ Щи из кваш.капусты с куриц.шт.,щи из кваш капусты с куриц шт,35.7,2.9,0.8,4.4,300,True,1430878,4188081,"Щи Шеф Перекресток из квашеной капусты с курицей, 300г",73,0.0,0,0.836,True,1840705,4377397,"Салат Кимчи из квашеных овощей из пекинской капусты Перекрёсток Select, 200 г",0.626,2020422,4406508,"Салат Коул Слоу капустный Перекрёсток Select, 180г",0.428
260,AUTO,strong_kbju,ФКВ Рассольник с курицей шт.,рассольник с курицей шт,85.3,3.3,5,7,300,True,1430880,4188083,"Рассольник с курицей Шеф Перекрёсток, 300г",93,0.0,0,0.958,True,1828722,4381912,"Плов с курицей Перекрёсток Select, 300г",0.691,1405242,4175864,"Вок с курицей Перекрёсток Select, 250г",0.672
261,REVIEW,review_threshold,ФКВ Суп норвеж.с филе форели шт.,суп норвеж с филе форели шт,66.8,5.3,3.2,4.2,300,True,1431018,4195447,"Суп норвежский Шеф Перекрёсток, 300г",60,0.0,0,0.758,True,2117789,4438649,"Суп куриный с фрикадельками Перекрёсток Select, 280г",0.592,2009492,78036516,"Чиабатта с ломтиками филе форели радужной слабосоленой и сливочным сыром, 120г",0.518
262,AUTO,strong_kbju,ФКВ Суп-пюре из тыквы шт.,суп пюре из тыквы шт,66,0.8,4.3,5.6,300,True,1509597,4273862,"Суп-пюре из тыквы Перекрёсток Select, 300г",100,0.0,0,1.000,True,1431018,4195447,"Суп норвежский Шеф Перекрёсток, 300г",0.575,2028914,4409329,"Биточек куриный с соусом из болгарского перца и картофельным пюре Перекрёсток Select, 250г",0.491
263,AUTO,strong_kbju,ПЕРЕКР.SEL.Борщ шт.,борщ шт,47,2.5,2,4.7,300,True,1579221,4323587,"Борщ Перекрёсток Select, 300г",100,0.0,0,1.000,True,2118496,4437971,"Борщ с говядиной Перекрёсток Select, 270г",0.742,1581962,4325413,"Борщ овощной Перекрёсток Select, 300г",0.688
264,EXTERNAL_BRAND,external_brand,ЗЕЛ.ЛИН.Крем-суп грибной шт.,крем суп грибной шт,73,3,4,6,300,True,1581963,4324261,"Крем-суп грибной Перекрёсток Select, 300г",100,0.0,0,1.000,True,1509597,4273862,"Суп-пюре из тыквы Перекрёсток Select, 300г",0.637,1394357,4163238,"Суп гороховый с копченостями Перекрёсток Select, 300г",0.635
265,EXTERNAL_BRAND,external_brand,ЗЕЛ.ЛИН.Крем-суп тыквенный с инд.шт.,крем суп тыквенный с инд шт,150,3.5,8,16,270,True,1581961,4325412,"Крем-суп тыквенный с индейкой Зелёная Линия, 270г",85,0.0,0,0.911,True,2045008,4425860,"Суп  Сливочный с треской креветками и песто Перекрёсток Select, 300г",0.649,1581963,4324261,"Крем-суп грибной Перекрёсток Select, 300г",0.622
266,EXTERNAL_BRAND,external_brand,ЗЕЛ.ЛИН.Борщ овощной шт.,борщ овощной шт,100,2,2,19,300,True,1581962,4325413,"Борщ овощной Перекрёсток Select, 300г",100,0.0,0,1.000,True,1579221,4323587,"Борщ Перекрёсток Select, 300г",0.852,1307009,3681084,"Винегрет овощной Перекрёсток Select, 180г",0.668
267,AUTO,strong_kbju,ПЕРЕКР.SEL.Суп КУРИНЫЙ домашн.лапш.,суп куриный домашн лапш,46,5,2,2,1000,True,2043365,4425665,"Суп Куриный с домашней лапшой Перекрёсток Select, 1000г",88,0.0,0,0.931,True,2117412,4438648,"Суп Куриный с домашней лапшой Перекрёсток Select, 270г",0.732,2117789,4438649,"Суп куриный с фрикадельками Перекрёсток Select, 280г",0.582
268,REVIEW,review_threshold,ПЕРЕКР.SEL.Суп СЛИВОЧНЫЙ тр/кр/пес.,суп сливочный тр кр пес,136,6.3,8.8,10.3,300,True,2045008,4425860,"Суп  Сливочный с треской креветками и песто Перекрёсток Select, 300г",72,0.0,0,0.833,True,1474405,4257291,"Ролл Сливочный угорь Шеф Перекрёсток, 240г",0.599,2113599,78037237,"Мини-эклер сливочный, 27г",0.571
269,AUTO,strong_kbju,ПЕРЕКР.SEL.Борщ с говядиной,борщ с говядиной,60,4.5,2.2,5.8,270,True,2118496,4437971,"Борщ с говядиной Перекрёсток Select, 270г",100,0.0,0,1.000,True,1579221,4323587,"Борщ Перекрёсток Select, 300г",0.906,2017145,4406510,"Салат Оливье с говядиной Перекрёсток Select, 180г",0.698
270,AUTO,strong_kbju,ПЕРЕКР.SEL.Солянка мясная,солянка мясная,97,4.3,7.5,4.3,250,True,2118497,4437972,"Солянка мясная Перекрёсток Select, 250г",100,0.0,0,1.000,True,1306990,3681003,"Каша молочная рисовая Перекрёсток Select, 250г",0.506,1625207,78035078,"Матча Тоник, 350мл",0.502
271,AUTO,strong_kbju,ПЕРЕКР.SEL.Суп КУРИНЫЙ с дом.лапшой,суп куриный с дом лапшой,39,2.3,0.6,4.9,270,True,2117412,4438648,"Суп Куриный с домашней лапшой Перекрёсток Select, 270г",91,0.0,0,0.945,True,2043365,4425665,"Суп Куриный с домашней лапшой Перекрёсток Select, 1000г",0.747,2117789,4438649,"Суп куриный с фрикадельками Перекрёсток Select, 280г",0.593
272,AUTO,strong_kbju,ПЕРЕКР.SEL.Суп куриный с фрикадельк.,суп куриный с фрикадельк,116,6,7.6,4.5,280,True,2117789,4438649,"Суп куриный с фрикадельками Перекрёсток Select, 280г",94,0.0,0,0.965,True,2043365,4425665,"Суп Куриный с домашней лапшой Перекрёсток Select, 1000г",0.615,2117412,4438648,"Суп Куриный с домашней лапшой Перекрёсток Select, 270г",0.593
273,AUTO,strong_kbju,ФКВ Уха с семгой шт.,уха с семгой шт,75.8,5.6,3.4,5.7,300,True,1494083,4276197,"Уха с сёмгой Перекрёсток Select, 300г",100,0.0,0,1.000,True,2016806,4406509,"Салат с ветчиной Перекрёсток Select, 180г",0.580,1800459,78034956,"Флэт уайт с соевым напитком, 200мл",0.561
274,AUTO,strong_kbju,ФКВ Суп Рамен с курицей,суп рамен с курицей,180,15,7.5,13,300,True,1499477,4280523,"Рамен с курицей Перекрёсток Select, 300г",100,0.0,0,1.000,True,1405242,4175864,"Вок с курицей Перекрёсток Select, 250г",0.737,1828722,4381912,"Плов с курицей Перекрёсток Select, 300г",0.726
275,AUTO,strong_kbju,ФКВ Суп Фо Бо,суп фо бо,180,16,3.5,22,300,True,1498816,4280524,"Фо Бо Перекрёсток Select, 300г",100,0.0,0,1.000,True,1581963,4324261,"Крем-суп грибной Перекрёсток Select, 300г",0.510,2045008,4425860,"Суп  Сливочный с треской креветками и песто Перекрёсток Select, 300г",0.502
276,AUTO,strong_kbju,ФКВ Суп Том Ям с морепродуктами,суп том ям с морепродуктами,123.3,4.3,9.5,19.7,370,True,1498815,4280526,"Том Ям с морепродуктами Шеф Перекрёсток, 370г",92,0.0,0,0.952,True,2035716,4409325,"Курица Том Ям с рисом Перекрёсток Select, 230г",0.640,1494094,4276196,"Поке с креветками и соусом Альтерно Перекрёсток Select, 210г",0.553
277,AUTO,strong_kbju,ФКВ Ролл Сливочный угорь шт.,ролл сливочный угорь шт,96,4.1,3.1,12.5,240,True,1474405,4257291,"Ролл Сливочный угорь Шеф Перекрёсток, 240г",93,0.0,0,0.958,True,2045008,4425860,"Суп  Сливочный с треской креветками и песто Перекрёсток Select, 300г",0.591,2113599,78037237,"Мини-эклер сливочный, 27г",0.558
278,REVIEW,review_threshold,ФКВ Суши-рол с кревет.тем/с-с Сп.шт.,суши рол с кревет тем с с сп шт,211.1,5.6,11.1,23.9,180,True,1509635,4296127,"Суши-ролл с креветкой темпура и соусом Спайси Перекрёсток Select, 180г",67,0.0,0,0.800,True,2031834,4403479,"Сэндвич-ролл Цезарь с креветками Перекрёсток Select, 175г",0.625,2043016,4420968,"Паста орзо с креветками в сливочно-томатном соусе Перекрёсток Select, 250г",0.623
279,REVIEW,review_threshold,ПЕРЕКР.SEL.Киви,киви,47,0.8,0.4,8.1,140,True,2123405,4441667,"Киви  Перекрёсток Select, 170г",100,0.0,30,1.000,True,2123406,4441204,"Киви  Перекрёсток Select, 140г",1.000,1828720,4382078,"Оладьи куриные Перекрёсток Select, 160г",0.294
280,AUTO,strong_kbju,ПЕРЕКР.SEL.Манго,манго,60,0.8,0.4,13.4,140,True,2123193,4441205,"Манго Перекрёсток Select, 140г",100,0.0,0,1.000,True,2113382,78037324,"Напиток горячий с манго и малиной, 400мл",0.818,2042250,4421815,"Чай зелёный Клубничный с манго негазированный Перекрёсток Select, 500мл",0.710
281,REVIEW,review_threshold,ПЕРЕКР.SEL.Помело,помело,37.6,0.8,0,8.6,110,True,2125046,4442479,"Помело Перекрёсток Select, 170г",100,0.0,60,1.000,True,2123192,4441206,"Помело  Перекрёсток Select, 110г",1.000,1590860,78034433,"Эспрессо, 50мл",0.400
290,EXTERNAL_BRAND,external_brand,RAW TO GO Батончик АРАХИСОВЫЙ шокол.,батончик арахисовый шокол,552,15.8,37.5,24,45,True,1610487,4354657,"Батончик Raw To Go Арахисовый шоколадный, 45г",86,0.0,0,0.918,True,1610488,4354935,"Батончик Raw To Go Шоколадные Палочки, 45г",0.615,1610485,4354936,"Батончик Raw To Go шоколадный с ванильной нугой, 45г",0.536
291,EXTERNAL_BRAND,external_brand,RAW TO GO Батончик с кешью + виш.шок.,батончик с кешью + виш шок,628,11,45,43,45,True,1610484,4354658,"Батончик Raw To Go шоколадный кешью-вишня, 45г",70,0.0,0,0.820,True,1610485,4354936,"Батончик Raw To Go шоколадный с ванильной нугой, 45г",0.575,2114175,78037426,Основа Кешью-Банан 9г,0.530
292,EXTERNAL_BRAND,external_brand,RAW TO GO Батончик ШОКОЛАДНЫЕ ПАЛОЧ.,батончик шоколадные палоч,439,8.9,29.7,33.9,45,True,1610488,4354935,"Батончик Raw To Go Шоколадные Палочки, 45г",86,0.0,0,0.918,True,1610487,4354657,"Батончик Raw To Go Арахисовый шоколадный, 45г",0.674,1610485,4354936,"Батончик Raw To Go шоколадный с ванильной нугой, 45г",0.647
293,EXTERNAL_BRAND,external_brand,RAW TO GO Батончик шоколад.с ван.нуг.,батончик шоколад с ван нуг,473,4,25,58,45,True,1610485,4354936,"Батончик Raw To Go шоколадный с ванильной нугой, 45г",71,0.0,0,0.827,True,1610488,4354935,"Батончик Raw To Go Шоколадные Палочки, 45г",0.642,2009088,78036473,"Меренга Шоколадная с карамелью и арахисом, 60г",0.628
294,EXTERNAL_BRAND,external_brand,RAW TO GO Пралине с арахисом,пралине с арахисом,253.8,5.2,21.2,10.5,45,True,1610486,4354937,"Пралине Raw To Go с арахисом, 45г",100,0.0,0,1.000,True,2009088,78036473,"Меренга Шоколадная с карамелью и арахисом, 60г",0.691,2009127,78036476,"Пирожное Вупи Пай банановый с арахисовым кремом, 100г",0.585
295,AUTO,strong_kbju,KINDER Вафли HAPPY HIPPO CACAO,kinder вафли happy hippo cacao,593,0,38.6,53.6,20.7,True,1840204,4385807,"Вафли Kinder Happy Hippo Cacao, 20.7г",100,0.0,0,1.000,True,1836657,4386335,"Вафли Hanuta Haselnuss, 44г",0.550,1848450,4388468,"Драже Tasty Story Кешью Малина, 40г",0.441
296,REVIEW,review_threshold,LUTTI Жев.рез.TUBBLE GUM TUTTI,lutti жев рез tubble gum tutti,260,0,0,66,35,True,1840200,4385808,"Жевательная резинка Lutti Tubble Gum Tutti, 35г",85,0.0,0,0.908,True,1840195,4385810,"Жевательная резинка Lutti Tubble Gum Cherry, 35г",0.817,1840196,4385809,"Жевательная резинка Lutti Tubble Gum Color, 35г",0.817
297,REVIEW,review_threshold,LUTTI Жев.рез.TUBBLE GUM COLOR,lutti жев рез tubble gum color,260,0,0,66,35,True,1840196,4385809,"Жевательная резинка Lutti Tubble Gum Color, 35г",85,0.0,0,0.908,True,1840195,4385810,"Жевательная резинка Lutti Tubble Gum Cherry, 35г",0.844,1840200,4385808,"Жевательная резинка Lutti Tubble Gum Tutti, 35г",0.817
298,AUTO,strong_kbju,LUTTI Жев.рез.TUBBLE GUM CHERRY,lutti жев рез tubble gum cherry,260,0,0,66,35,True,1840195,4385810,"Жевательная резинка Lutti Tubble Gum Cherry, 35г",85,0.0,0,0.911,True,1840196,4385809,"Жевательная резинка Lutti Tubble Gum Color, 35г",0.844,1840200,4385808,"Жевательная резинка Lutti Tubble Gum Tutti, 35г",0.811
306,REVIEW,review_threshold,ENGIN Нап.БИОАКТ.ЭН.ПР.ВИШ.тон.б/а,engin нап биоакт эн пр виш тон б а,40,0.5,0.3,8.5,330,True,1617645,4356408,"Напиток энергетический Engin Биоактивный Пряная Вишня безалкогольный тонизирующий, 330мл",56,0.0,0,0.734,True,1610514,4356595,"Напиток энергетический Engin Тропический шторм биоактивный тонизирующий безалкогольный, 330мл",0.670,2115703,78037323,"Напиток Азиатский Пунш горячий, 400мл",0.504
307,REVIEW,review_threshold,ENGIN Нап.БИОАКТ.ЭН.ТР.ШТ.тон.б/а,engin нап биоакт эн тр шт тон б а,40,0.5,0.3,8.5,330,True,1610514,4356595,"Напиток энергетический Engin Тропический шторм биоактивный тонизирующий безалкогольный, 330мл",52,0.0,0,0.713,True,1617645,4356408,"Напиток энергетический Engin Биоактивный Пряная Вишня безалкогольный тонизирующий, 330мл",0.684,1800440,78034903,"Бейбичино Бабл Гам с соевым напитком, 200мл",0.387
308,UNMATCHED,low_score,59NORTH Нап.ИМБ.ЭЛЬ Б.АН.+К.+М.б/а,59north нап имб эль б ан +к +м б а,50,0.5,0.3,11,330,True,1617649,4356596,"Напиток газированный 59Northh Имбирный Эль Бьюти Ананас Куркума Мака безалкогольный с соком, 330мл",42,0.0,0,0.654,False,1800480,78035073,"Матча Латте с миндальным напитком, 400мл",0.393,1800466,78035072,"Матча Латте с миндальным напитком, 200мл",0.393
309,EXTERNAL_BRAND,external_brand,28SEEDS Нап.КУР.ТОН.б/а ср/г.с сок.,нап кур тон б а ср г с сок,20,0.4,0.4,3.5,330,True,2039689,4420760,"Бризоль куриная с пенне и соусом Перекрёсток Select, 250г",55,88.1,80,0.379,False,2016804,4403477,"Биточек куриный со спагетти в томатном соусе Перекрёсток Select, 220г",0.347,2035716,4409325,"Курица Том Ям с рисом Перекрёсток Select, 230г",0.345
310,EXTERNAL_BRAND,external_brand,28SEEDS Нап.ЗЕЛ.ЧАЙ КОЛД БРЮ Г.+Л.,нап зел чай колд брю г +л,30,0.5,0,7,250,True,1617644,4356602,"Холодный чай 28 Seeds Колд Брю Гуава Лайм зелёный, 250мл",65,0.0,0,0.789,True,1617646,4356603,"Холодный чай 28 Seeds Иван-Чай Колд Брю Лесные Ягоды безалкогольный, 250мл",0.694,2015252,78036490,"Чай латте холодный пряный, 350мл",0.436
311,EXTERNAL_BRAND,external_brand,28SEEDS Нап.ИВ-ЧАЙ К.БРЮ.Л.ЯГ.б/а,нап ив чай к брю л яг б а,40,0.3,0,10,250,True,1617646,4356603,"Холодный чай 28 Seeds Иван-Чай Колд Брю Лесные Ягоды безалкогольный, 250мл",50,0.0,0,0.700,False,1617644,4356602,"Холодный чай 28 Seeds Колд Брю Гуава Лайм зелёный, 250мл",0.581,1621917,78035088,"Чай черный с персиком и имбирем, 400мл",0.350
312,EXTERNAL_BRAND,external_brand,28SEEDS Нап.КР.ТОН.КУР.МАР.+ГР.б/а,нап кр тон кур мар +гр б а,35,0.5,0.4,7,250,True,1624446,78035151,"Напиток с медом имбирем и лимоном горячий, 400мл",45,46.3,150,0.483,False,2113382,78037324,"Напиток горячий с манго и малиной, 400мл",0.462,1800378,4373584,"Гедза с курицей на пару Перекрёсток Select, 160г",0.411
313,EXTERNAL_BRAND,external_brand,28SEEDS Нап.КР.ПУНШ КОР.ЯБ+П.Ч.б/а,нап кр пунш кор яб+п ч б а,25,0.2,0,6.5,250,True,1610515,4357271,"Напиток 28Seeds Крафтовый пунш корица яблоко пряный чай безалкогольный, 250мл",48,0.0,0,0.688,False,2115703,78037323,"Напиток Азиатский Пунш горячий, 400мл",0.422,1800378,4373584,"Гедза с курицей на пару Перекрёсток Select, 160г",0.389
314,EXTERNAL_BRAND,external_brand,28SEEDS Нап.Ч.ОМ-3 ЦИТ.тон.б/а н/г,нап ч ом 3 цит тон б а н г,45,1,1.5,6.5,250,True,1610516,4357276,"Напиток негазированный 28Seeds Чиа омега-3 цитрус тонизирующий безалкогольный, 250мл",45,0.0,0,0.668,True,1625205,78034898,"Айс Латте с овсяным напитком, 350мл",0.516,1800461,78034902,"Бейбичино Бабл Гам с овсяным напитком, 200мл",0.422
315,EXTERNAL_BRAND,external_brand,LEMONARDO Нап.ВИШН.КОЛА б/а с/сод.,нап вишн кола б а с сод,28,0,0,7,330,True,1625200,78034899,"Айс Латте с соевым напитком, 350мл",52,68.6,20,0.437,False,1800440,78034903,"Бейбичино Бабл Гам с соевым напитком, 200мл",0.414,2031113,4401207,"Запеканка творожная с вишней Перекрёсток Select, 200г",0.414
317,EXTERNAL_BRAND,external_brand,LEMONARDO Нап.ИМБИР.б/а с/сод.сл/г.,нап имбир б а с сод сл г,26,0,0,6.5,330,True,1800440,78034903,"Бейбичино Бабл Гам с соевым напитком, 200мл",50,79.3,130,0.383,False,1800449,78035066,"Бейбичино Бабл Гам с миндальным напитком, 200мл",0.364,2038893,4409321,"Свинина в соусе барбекю с рисом Перекрёсток Select, 240г",0.344
318,EXTERNAL_BRAND,external_brand,LEMONARDO Напит.БУЗ.б/а с/сод.сл/г.,напит буз б а с сод сл г,24,0,0,6,330,True,1625200,78034899,"Айс Латте с соевым напитком, 350мл",51,67.2,20,0.437,False,1800440,78034903,"Бейбичино Бабл Гам с соевым напитком, 200мл",0.416,1800463,78035077,"Матча Латте с соевым напитком, 400мл",0.406
319,UNMATCHED,low_score,ПЕРЕКР.SEL.Лим.МИН.ВИШ.сок.с/г б/а,лим мин виш сок с г б а,38.8,0,0,9.6,320,True,2116477,78037439,"Изотоник зеленый виноград с березовым соком, 350мл",48,48.0,30,0.499,False,1800449,78035066,"Бейбичино Бабл Гам с миндальным напитком, 200мл",0.408,2038893,4409321,"Свинина в соусе барбекю с рисом Перекрёсток Select, 240г",0.391
320,REVIEW,review_threshold,ПЕРЕКР.SEL.Лимонад МАН.сок.с/г б/а,лимонад ман сок с г б а,45.2,0,0,6.3,320,True,2046243,4415728,"Лимонад Мандарин с сoком среднегазированный безалкогольный Перекрёсток Select, 320мл",56,0.0,0,0.738,True,1514307,4302221,"Лимонад малиновый с мятой Перекрёсток Select, 250мл",0.726,2046245,4415730,"Лимонад Лаванда с сoком среднегазированный безалкогольный Перекрёсток Select, 320мл",0.690
321,UNMATCHED,low_score,ПЕРЕКР.SEL.Лим.МАЛ-БР.сок.с/г б/а,лим мал бр сок с г б а,46.4,0,0,11.5,320,True,1624446,78035151,"Напиток с медом имбирем и лимоном горячий, 400мл",48,59.6,80,0.447,False,1800449,78035066,"Бейбичино Бабл Гам с миндальным напитком, 200мл",0.419,1800440,78034903,"Бейбичино Бабл Гам с соевым напитком, 200мл",0.418
322,REVIEW,review_threshold,ПЕРЕКР.SEL.Лимонад ЛАВ.сок.с/г б/а,лимонад лав сок с г б а,26.6,0,0,6.7,320,True,2046245,4415730,"Лимонад Лаванда с сoком среднегазированный безалкогольный Перекрёсток Select, 320мл",56,0.0,0,0.738,True,1514307,4302221,"Лимонад малиновый с мятой Перекрёсток Select, 250мл",0.709,2046243,4415728,"Лимонад Мандарин с сoком среднегазированный безалкогольный Перекрёсток Select, 320мл",0.690
323,REVIEW,review_threshold,СПК Клаб Сэндвич двойной с кур/бек.,клаб сэндвич двойной с кур бек,312,7.5,21.2,22.6,100,True,2120925,78037531,"Клаб Сэндвич двойной с курицей и беконом, 100г",86,0.0,0,0.914,False,2116059,4435181,"Клаб Сэндвич двойной с курицей и беконом Перекрёсток Select, 200г",0.914,2127975,4437243,"Клаб Сэндвич двойной с ветчиной и сыром Перекрёсток Select, 190г",0.841
324,AUTO,strong_kbju,СПК Чиабатта с курицей бар/соус.пес.,чиабатта с курицей бар соус пес,307,15,15,29,140,True,2123213,78037561,"Чиабатта с курицей барбекю и соусом песто, 140г",86,0.0,0,0.917,True,2123212,78037576,"Чиабатта с курицей и моцарелой, 155г",0.779,1405242,4175864,"Вок с курицей Перекрёсток Select, 250г",0.742
325,UNMATCHED,generic_a_collision,СПК Круассан с ветчиной/сыром/гор.с.,круассан с ветчиной сыром гор с,299,8,19,24,185,True,2123816,78037574,"Круассан с ветчиной, сыром и горчичным соусом, 185г",93,0.0,0,0.956,True,2022012,78036652,"Круассан с ветчиной и сыром, 170г",0.931,1601263,4310836,"Круассан с ветчиной и сыром Перекрёсток Select, 115г",0.888
428,AUTO,strong_kbju,СПК Кофе ФЛЭТ УАЙТ,кофе флэт уайт,58,3,2.7,5.4,200,True,1620040,78034881,"Кофе Флэт Уайт, 200мл",100,0.0,0,1.000,True,1591110,78034444,"Флэт уайт, 200мл",0.939,1800459,78034956,"Флэт уайт с соевым напитком, 200мл",0.806
326,UNMATCHED,generic_a_collision,СПК Круассан ЦЕЗАРЬ с филе цыпленка,круассан цезарь с филе цыпленка,233,7,14,18,150,True,2123815,78037575,"Круассан Цезарь с филе цыплёнка, 150г",100,0.0,0,1.000,True,1457751,4225649,"Салат Цезарь Перекрёсток Select, 220г",0.662,1802373,4376483,"Круассан с филе копченого лосося, сливочным сыром и рукколой Перекрёсток Select, 110г",0.649
327,AUTO,strong_kbju,СПК Чиабатта с курицей и моцарелой,чиабатта с курицей и моцарелой,246,12,13,23,155,True,2123212,78037576,"Чиабатта с курицей и моцарелой, 155г",100,0.0,0,1.000,True,2123213,78037561,"Чиабатта с курицей барбекю и соусом песто, 140г",0.806,1855527,4399430,"Чиабатта с оливками и курицей в пряных травах и медово-горчичным соусом Перекрёсток Select, 210г",0.787
328,UNMATCHED,generic_a_collision,СПК Круассан с форелью/творожн.сыр.,круассан с форелью творожн сыр,263.2,9.8,14.5,23.4,140,True,2126994,78037599,Круассан с форелью и творожным сыром 140г,85,0.0,0,0.907,True,2022012,78036652,"Круассан с ветчиной и сыром, 170г",0.683,1601263,4310836,"Круассан с ветчиной и сыром Перекрёсток Select, 115г",0.651
329,AUTO,strong_kbju,СПК Сэндвич с мортаделлой/твор.сыр.,сэндвич с мортаделлой твор сыр,200,7.9,9.7,20.3,100,True,2128421,78037620,"Сэндвич с мортаделлой и творожным сыром, 100г",87,0.0,0,0.922,True,2065427,4422195,"Сэндвич двойной с лососем и творожным сыром Перекрёсток Select, 185г",0.727,1389975,4133313,"Сэндвич-ролл Перекрёсток Select с индейкой, 200г",0.724
330,AUTO,strong_kbju,СПК Грилата с курицей и сыром,грилата с курицей и сыром,245,12.9,10.8,24.1,100,True,1617091,78034824,"Грилата с курицей и сыром, 100г",100,0.0,0,1.000,True,2044092,4425838,"Пирог Осетинский с курицей и сыром Перекрёсток Select, 200г",0.829,2048521,4428799,"Конвертики с курицей сыром и томатами Перекрёсток Select, 140г",0.826
429,REVIEW,review_threshold,СПК Айс Латте,айс латте,69,2.7,3,7.8,350,True,1625211,78034896,"Айс Латте с кокосовым напитком, 350мл",100,16.7,0,0.933,True,1625205,78034898,"Айс Латте с овсяным напитком, 350мл",0.933,1625200,78034899,"Айс Латте с соевым напитком, 350мл",0.933
430,AUTO,strong_kbju,СПК Айс Латте с кокосовым напитком,айс латте с кокосовым напитком,58,3,2.7,5.4,350,True,1625211,78034896,"Айс Латте с кокосовым напитком, 350мл",100,0.0,0,1.000,True,1590556,78034443,"Латте, 400мл",0.946,1589323,78034441,"Латте, 200мл",0.946
621,EXTERNAL_BRAND,external_brand,PINCH&DROP Основа ПЮРЕ МАН.фр.д/с/к/д.,основа пюре ман фр д с к д,,,,,1,False,2114294,78037428,Основа Тыква 9г,57,,8,0.343,False,1433383,4192791,"Фишкейки с картофельным пюре и соусом тар-тар Перекрёсток Select, 280г",0.332,2114174,78037424,Основа Малина 9г,0.330
331,REVIEW,review_threshold,СПК Грилата с сыром Брынза/зеленью,грилата с сыром брынза зеленью,219,9.9,9.1,24.6,100,True,1617090,78034825,"Грилата с брынзой и зеленью, 100г",84,0.0,0,0.905,True,1617091,78034824,"Грилата с курицей и сыром, 100г",0.798,2107885,4429869,"Кутабы с зеленью Перекрёсток Select, 150г",0.777
332,AUTO,strong_kbju,СПс Онигири зап.бекон.в соусе унаги,спс онигири зап бекон в соусе унаги,241.7,6.3,11.2,28.8,160,True,1847431,78036006,"Онигири запеченный с беконом в соусе унаги, 160г",86,0.0,0,0.914,True,2038893,4409321,"Свинина в соусе барбекю с рисом Перекрёсток Select, 240г",0.682,1835658,4376941,"Онигири с филе семги Перекрёсток Select, 110г",0.635
333,REVIEW,review_threshold,СПс Онигири зап.с курицей слад.чили,спс онигири зап с курицей слад чили,197.2,6.3,7,27.6,160,True,1847289,78036007,"Онигири запечённый с курицей сладкий чили, 160г",82,0.0,0,0.889,True,1828722,4381912,"Плов с курицей Перекрёсток Select, 300г",0.826,1847433,78036008,"Корн-дог с курицей, 150г",0.793
334,AUTO,strong_kbju,СПс Корн-дог с курицей,спс корн дог с курицей,197.2,5.9,7,27.3,150,True,1847433,78036008,"Корн-дог с курицей, 150г",100,0.0,0,1.000,True,1828722,4381912,"Плов с курицей Перекрёсток Select, 300г",0.830,1405242,4175864,"Вок с курицей Перекрёсток Select, 250г",0.783
335,REVIEW,review_threshold,СПК Чиабатта с ветчин/сыр/с.тар-тар,чиабатта с ветчин сыр с тар тар,360,12,20,33,130,True,2009493,78036514,"Чиабатта с ветчиной сыром и соусом тар-тар, 130г",79,0.0,0,0.876,True,2123212,78037576,"Чиабатта с курицей и моцарелой, 155г",0.674,2039690,4423500,"Мини-чиабатта с куриной ветчиной омлетом и сыром Перекресток Select, 255г",0.672
431,UNMATCHED,generic_a_collision,СПК Айс Латте с миндальным напитк.,айс латте с миндальным напитк,58,3,2.7,5.4,350,True,1590556,78034443,"Латте, 400мл",100,13.5,50,0.946,True,1589323,78034441,"Латте, 200мл",0.946,1622169,78034885,"Айс Латте, 350мл",0.933
622,EXTERNAL_BRAND,external_brand,PINCH&DROP Осн.ПЮРЕ КАЛАМ.фр.д/с/к/д.,осн пюре калам фр д с к д,,,,,1,False,2044350,4419226,"Биточки мясные с картофельным пюре Перекрёсток Select, 300г",56,,299,0.337,False,2042777,4425837,"Пирог Осетинский с картофелем и сыром Перекрёсток Select, 200г",0.320,1433383,4192791,"Фишкейки с картофельным пюре и соусом тар-тар Перекрёсток Select, 280г",0.319
336,REVIEW,review_threshold,СПК Чиабатта с кусоч.тун.кон/яйц/ог.,чиабатта с кусоч тун кон яйц ог,240,10,11,26,160,True,2009491,78036515,"Чиабатта с кусочками консервированного тунца яйцом и огурцом, 160г",68,0.0,0,0.809,True,2123212,78037576,"Чиабатта с курицей и моцарелой, 155г",0.688,2123213,78037561,"Чиабатта с курицей барбекю и соусом песто, 140г",0.641
337,REVIEW,review_threshold,СПК Чиаб.лом.филе фор.рад.с/с/сл.с.,чиаб лом филе фор рад с с сл с,230,12,8,28,120,True,2009492,78036516,"Чиабатта с ломтиками филе форели радужной слабосоленой и сливочным сыром, 120г",53,0.0,0,0.718,False,2123212,78037576,"Чиабатта с курицей и моцарелой, 155г",0.637,1835658,4376941,"Онигири с филе семги Перекрёсток Select, 110г",0.633
338,AUTO,strong_kbju,СПК Клаб Cэндвич двойной с бужениной,клаб cэндвич двойной с бужениной,978,7.7,9.6,29.2,90,True,2068844,78037243,"Клаб Cэндвич двойной с бужениной, 90г",100,0.0,0,1.000,True,2029149,4410398,"Клаб Сэндвич двойной с бужениной Перекрёсток Select, 180г",0.905,2127975,4437243,"Клаб Сэндвич двойной с ветчиной и сыром Перекрёсток Select, 190г",0.623
339,AUTO,strong_kbju,СПК Клаб Сэндвич двойной ветчин/сыр.,клаб сэндвич двойной ветчин сыр,271,12.2,14.8,22.3,90,True,2068843,78037244,"Клаб Сэндвич двойной с ветчиной и сыром, 90г",89,0.0,0,0.931,True,2127975,4437243,"Клаб Сэндвич двойной с ветчиной и сыром Перекрёсток Select, 190г",0.874,2120925,78037531,"Клаб Сэндвич двойной с курицей и беконом, 100г",0.787
340,AUTO,strong_kbju,СПК Сэндвич-ролл ЦЕЗАРЬ,сэндвич ролл цезарь,254,12.9,8.8,30.8,100,True,2108555,78037330,Сэндвич-ролл Цезарь 100г,100,0.0,0,1.000,True,2108549,78037331,Сэндвич-ролл Цезарь с креветками 85г,1.000,1390315,4133312,"Сэндвич-ролл Перекрёсток Select Цезарь, 200г",0.881
351,AUTO,strong_kbju,СПК Пирожное КАРТОШКА,пирожное картошка,403.4,6.2,24.5,36.4,80,True,1613959,78035120,"Пирожное Картошка, 80г",100,0.0,0,1.000,True,2009490,78036511,"Пирожное Наполеон, 140г",0.750,1612500,78035124,"Пирожное Персик, 120г",0.686
341,AUTO,strong_kbju,СПК Сэндвич-ролл ЦЕЗАРЬ с креветками,сэндвич ролл цезарь с креветками,254,12.9,8.8,30.8,85,True,2108549,78037331,Сэндвич-ролл Цезарь с креветками 85г,100,0.0,0,1.000,True,2108555,78037330,Сэндвич-ролл Цезарь 100г,0.930,1390315,4133312,"Сэндвич-ролл Перекрёсток Select Цезарь, 200г",0.881
342,AUTO,strong_kbju,СПК Шаурма с курицей/помидором/огур.,шаурма с курицей помидором огур,254,12.9,8.8,30.8,210,True,2117518,78037358,"Шаурма с курицей-помидором-огурцом, 210г",95,0.0,0,0.972,True,2036278,4410400,"Шаурма с курицей помидором и огурцом Перекрёсток Select, 210г",0.907,1405242,4175864,"Вок с курицей Перекрёсток Select, 250г",0.793
343,AUTO,strong_kbju,СПК Сэндвич двойной с лососем/тв.сыр.,сэндвич двойной с лососем тв сыр,186,8.6,8.5,15.7,90,True,2110929,78037360,"Сэндвич двойной с лососем и творожным сыром, 90г",88,0.0,0,0.926,True,2065427,4422195,"Сэндвич двойной с лососем и творожным сыром Перекрёсток Select, 185г",0.910,2127975,4437243,"Клаб Сэндвич двойной с ветчиной и сыром Перекрёсток Select, 190г",0.718
344,REVIEW,review_threshold,СПК Клаб Сэндвич двойной с кур/бек.,клаб сэндвич двойной с кур бек,312,7.5,21.2,22.6,100,True,2120925,78037531,"Клаб Сэндвич двойной с курицей и беконом, 100г",86,0.0,0,0.914,False,2116059,4435181,"Клаб Сэндвич двойной с курицей и беконом Перекрёсток Select, 200г",0.914,2127975,4437243,"Клаб Сэндвич двойной с ветчиной и сыром Перекрёсток Select, 190г",0.841
345,AUTO,strong_kbju,СПК Чиабатта с курицей бар/соус.пес.,чиабатта с курицей бар соус пес,307,15,15,29,140,True,2123213,78037561,"Чиабатта с курицей барбекю и соусом песто, 140г",86,0.0,0,0.917,True,2123212,78037576,"Чиабатта с курицей и моцарелой, 155г",0.779,1405242,4175864,"Вок с курицей Перекрёсток Select, 250г",0.742
346,UNMATCHED,generic_a_collision,СПК Круассан с ветчиной/сыром/гор.с.,круассан с ветчиной сыром гор с,299,8,19,24,185,True,2123816,78037574,"Круассан с ветчиной, сыром и горчичным соусом, 185г",93,0.0,0,0.956,True,2022012,78036652,"Круассан с ветчиной и сыром, 170г",0.931,1601263,4310836,"Круассан с ветчиной и сыром Перекрёсток Select, 115г",0.888
347,UNMATCHED,generic_a_collision,СПК Круассан ЦЕЗАРЬ с филе цыпленка,круассан цезарь с филе цыпленка,233,7,14,18,150,True,2123815,78037575,"Круассан Цезарь с филе цыплёнка, 150г",100,0.0,0,1.000,True,1457751,4225649,"Салат Цезарь Перекрёсток Select, 220г",0.662,1802373,4376483,"Круассан с филе копченого лосося, сливочным сыром и рукколой Перекрёсток Select, 110г",0.649
348,AUTO,strong_kbju,СПК Чиабатта с курицей и моцарелой,чиабатта с курицей и моцарелой,246,12,13,23,155,True,2123212,78037576,"Чиабатта с курицей и моцарелой, 155г",100,0.0,0,1.000,True,2123213,78037561,"Чиабатта с курицей барбекю и соусом песто, 140г",0.806,1855527,4399430,"Чиабатта с оливками и курицей в пряных травах и медово-горчичным соусом Перекрёсток Select, 210г",0.787
349,UNMATCHED,generic_a_collision,СПК Круассан с форелью/творожн.сыр.,круассан с форелью творожн сыр,263.2,9.8,14.5,23.4,140,True,2126994,78037599,Круассан с форелью и творожным сыром 140г,85,0.0,0,0.907,True,2022012,78036652,"Круассан с ветчиной и сыром, 170г",0.683,1601263,4310836,"Круассан с ветчиной и сыром Перекрёсток Select, 115г",0.651
350,AUTO,strong_kbju,СПК Сэндвич с мортаделлой/твор.сыр.,сэндвич с мортаделлой твор сыр,200,7.9,9.7,20.3,100,True,2128421,78037620,"Сэндвич с мортаделлой и творожным сыром, 100г",87,0.0,0,0.922,True,2065427,4422195,"Сэндвич двойной с лососем и творожным сыром Перекрёсток Select, 185г",0.727,1389975,4133313,"Сэндвич-ролл Перекрёсток Select с индейкой, 200г",0.724
432,AUTO,strong_kbju,СПК Айс Латте с овсяным напитком,айс латте с овсяным напитком,58,3,2.7,5.4,350,True,1625205,78034898,"Айс Латте с овсяным напитком, 350мл",100,0.0,0,1.000,True,1590556,78034443,"Латте, 400мл",0.946,1589323,78034441,"Латте, 200мл",0.946
623,EXTERNAL_BRAND,external_brand,PINCH&DROP Основа ПЮРЕ ВИШ.фр.д/с/к/д.,основа пюре виш фр д с к д,,,,,1,False,2114294,78037428,Основа Тыква 9г,57,,8,0.343,False,2127128,78037558,Основа Тыква 25г,0.327,2114174,78037424,Основа Малина 9г,0.327
352,AUTO,strong_kbju,СПК Пирожное ПЕРСИК,пирожное персик,384.5,5.7,7.5,72.4,120,True,1612500,78035124,"Пирожное Персик, 120г",100,0.0,0,1.000,True,2119926,78037344,"Пирожное со вкусом персик-беллини, 50г",0.798,2115710,78037394,"Пирожное Моти Черника, 50г",0.692
353,AUTO,strong_kbju,СПК Пирожное ЭКЛЕР ВАНИЛЬНЫЙ,пирожное эклер ванильный,281.9,4.9,15.5,30.5,80,True,1614306,78035128,"Эклер ванильный, 80г",100,0.0,0,1.000,True,1612500,78035124,"Пирожное Персик, 120г",0.667,2125270,78037540,"Раф ванильный XL, 550мл",0.570
354,AUTO,strong_kbju,СПК Пирожное ЭКЛЕР КАРАМЕЛЬНЫЙ,пирожное эклер карамельный,303.9,4.8,17,32.6,80,True,1613961,78035129,"Эклер карамельный, 80г",100,0.0,0,1.000,True,2022010,78036667,"Пирожное Капкейк лимонный, 75г",0.728,2009490,78036511,"Пирожное Наполеон, 140г",0.720
355,AUTO,strong_kbju,СПК Пирожное ЭКЛЕР ШОКОЛАДНЫЙ,пирожное эклер шоколадный,312.2,6.2,19.1,28,80,True,1614309,78035130,"Эклер шоколадный, 80г",100,0.0,0,1.000,True,2113600,78037236,"Мини-эклер Шоколадный Чизкейк, 27г",0.780,2009490,78036511,"Пирожное Наполеон, 140г",0.711
356,REVIEW,review_threshold,СПз MACARONIKA Пирожн.МАК.МАН/МАР.СП.,macaronika пирожн мак ман мар сп,463.8,8.9,20.9,60.2,16,True,1836424,78035601,"Пирожное Макарон Манго-Маракуйя Сплит, 16г",61,0.0,0,0.765,False,2119623,78037449,Пирожное Дабл Макарон BS Мандарин 38г,0.661,2119622,78037448,Пирожное Дабл Макарон BS Имбирный Пряник 38г,0.651
357,UNMATCHED,low_score,СПз MACARONIKA Пирожное МАК.СИЦ.ФИСТ.,macaronika пирожное мак сиц фист,479.2,10.5,23.7,56,16,True,1613959,78035120,"Пирожное Картошка, 80г",64,23.8,64,0.689,False,2009490,78036511,"Пирожное Наполеон, 140г",0.673,2110315,78037364,"Пирожное Тыквенное, 100г",0.661
358,REVIEW,review_threshold,СПз MACARONIKA Пирожное МАК.СОЛ.КАР.,macaronika пирожное мак сол кар,480.7,9,24.9,55.2,16,True,1613959,78035120,"Пирожное Картошка, 80г",64,20.7,64,0.701,False,2009490,78036511,"Пирожное Наполеон, 140г",0.678,2110315,78037364,"Пирожное Тыквенное, 100г",0.675
359,AUTO,strong_kbju,СПК Тарталетка ГОЛУБИКА,тарталетка голубика,320,5,18,32,110,True,1838593,78036036,"Тарталетка Голубика, 110г",100,0.0,0,1.000,True,2026690,78036663,"Тарталетка С Клубникой, 140г",0.734,2123416,4441668,"Смесь ананас-клубника-голубика Перекресток Select, 200г",0.406
360,AUTO,strong_kbju,СПз Пирог ЯБЛОЧНЫЙ ЭЛИТ,пирог яблочный элит,212,2.4,7.5,33.8,120,True,1839201,78036073,"Пирог Яблочный элит, 120г",100,0.0,0,1.000,True,1838833,78035801,"Латте Морковный Пирог, 400мл",0.574,2113601,78037238,"Мини-эклер ягодный, 27г",0.564
361,AUTO,strong_kbju,СПз Торт ЧИЗКЕЙК КЛУБНИЧНЫЙ ЭЛИТ,торт чизкейк клубничный элит,257,4.2,13.1,30.7,115,True,1839202,78036074,"Торт Чизкейк Клубничный Элит, 115г",100,0.0,0,1.000,True,2026621,78036703,"Торт Чизкейк Баскский, 86г",0.776,2027124,78036665,"Торт Чизкейк Нью-Йорк, 125г",0.743
362,REVIEW,review_threshold,СПК Пирог ЧИЗКЕЙК ШОК.МИКС сыр.,пирог чизкейк шок микс сыр,290,6,17,28,120,True,1840734,78036091,"Пирог Чизкейк Шоколадный Микс сырный, 120г",84,0.0,0,0.903,False,2120980,78036827,Пирог Чизкейк Шоколадный сырный 100г,0.801,2118301,78036828,Пирог Чизкейк Нью-Йорк сырный 100г,0.780
363,AUTO,strong_kbju,СПК Пирог ЧИЗКЕЙК КАРАМЕЛЬ/ОРЕХ сыр.,пирог чизкейк карамель орех сыр,320,6,18.5,33.5,120,True,1840505,78036092,"Пирог Чизкейк Карамель и Орех сырный, 120г",93,0.0,0,0.959,True,2118301,78036828,Пирог Чизкейк Нью-Йорк сырный 100г,0.757,2010812,78036512,"Пирожное Чизкейк Орео, 100г",0.693
364,AUTO,strong_kbju,СПК Меренга ФРАНЦУЗСКАЯ с тыквен.сем.,меренга французская с тыквен сем,412,9,20.5,47.7,50,True,2009089,78036472,"Меренга Французская с тыквенными семечками, 50г",86,0.0,0,0.919,True,2009088,78036473,"Меренга Шоколадная с карамелью и арахисом, 60г",0.671,2117413,4437462,"Мясо по-французски с курицей и шампиньонами Перекрёсток Select, 190г",0.477
433,AUTO,strong_kbju,СПК Айс Латте с соевым напитком,айс латте с соевым напитком,58,3,2.7,5.4,350,True,1625200,78034899,"Айс Латте с соевым напитком, 350мл",100,0.0,0,1.000,True,1590556,78034443,"Латте, 400мл",0.946,1589323,78034441,"Латте, 200мл",0.946
624,EXTERNAL_BRAND,external_brand,OSNOVAT.КПД GRAINY GLAZE вк.взр.зол.,кпд grainy glaze вк взр зол,,,,,100,False,1610488,4354935,"Батончик Raw To Go Шоколадные Палочки, 45г",38,,55,0.225,False,1610487,4354657,"Батончик Raw To Go Арахисовый шоколадный, 45г",0.215,1610484,4354658,"Батончик Raw To Go шоколадный кешью-вишня, 45г",0.212
365,AUTO,strong_kbju,СПК Меренга ШОКОЛАДНАЯ с карамел/ар.,меренга шоколадная с карамел ар,381,5.8,18,48.9,60,True,2009088,78036473,"Меренга Шоколадная с карамелью и арахисом, 60г",86,0.0,0,0.917,True,1848448,4388467,"Драже Tasty Story Миндаль Солёная Карамель, 40г",0.519,2125274,78037600,"Раф соленая карамель с орехами XL, 550мл",0.481
366,AUTO,strong_kbju,СПК Торт ШОКОЛАДНО-МИНДАЛЬНЫЙ,торт шоколадно миндальный,394,9.4,27.3,28.3,90,True,2009121,78036474,"Торт Шоколадно-Миндальный, 90г",100,0.0,0,1.000,True,2120248,78037346,"Торт с клубникой и бананом, 105г",0.518,1624329,78034954,"Флэт уайт с миндальным напитком, 200мл",0.422
367,AUTO,strong_kbju,СПК Пирожное ВУПИ ПАЙ малина-фисташ.,пирожное вупи пай малина фисташ,349,4.1,17.9,42.9,120,True,2009087,78036475,"Пирожное Вупи Пай малина-фисташка, 120г",97,0.0,0,0.981,True,2009127,78036476,"Пирожное Вупи Пай банановый с арахисовым кремом, 100г",0.754,2009490,78036511,"Пирожное Наполеон, 140г",0.726
368,REVIEW,review_threshold,СПК Пирожное ВУПИ ПАЙ бананов.ар.кр.,пирожное вупи пай бананов ар кр,406.6,5.1,25.3,39.6,100,True,2009127,78036476,"Пирожное Вупи Пай банановый с арахисовым кремом, 100г",79,0.0,0,0.877,True,2009087,78036475,"Пирожное Вупи Пай малина-фисташка, 120г",0.761,2009490,78036511,"Пирожное Наполеон, 140г",0.758
369,REVIEW,review_threshold,СПК Трубочка С ВАРЕНЫМ СГУЩ.МОЛ.ваф.,трубочка с вареным сгущ мол ваф,360,5.5,16.2,48.5,85,True,2008924,78036485,"Трубочка вафельная с варёным сгущенным молоком, 85г",81,0.0,0,0.883,True,1430494,4189742,"Сырнички с варёной сгущенкой Зелёная Линия, 120г",0.532,1828718,4382076,"Курица по-французски с картофельным пюре Перекрёсток Select, 250г",0.488
625,EXTERNAL_BRAND,external_brand,OSNOVAT.КПД GRAINY GLAZE вк.взр.мал.,кпд grainy glaze вк взр мал,,,,,100,False,1848450,4388468,"Драже Tasty Story Кешью Малина, 40г",39,,60,0.232,False,1610486,4354937,"Пралине Raw To Go с арахисом, 45г",0.218,1610488,4354935,"Батончик Raw To Go Шоколадные Палочки, 45г",0.206
626,EXTERNAL_BRAND,external_brand,OSNOVAT.Нап.FITN.BAR ПРОТ.ОС.ПР.ДЕС.,нап fitn bar прот ос пр дес,,,,,500,False,1286129,3505646,"Набор для приготовления чая, 150мл",41,,350,0.244,False,2067026,78036419,"Чай латте пряный с овсяным напитком, 200мл",0.232,2012013,4388200,"Драже Tasty Story со вкусом пряника, 40г",0.232
370,AUTO,strong_kbju,СПК Пирожное КЕЙК-ПОПС,пирожное кейк попс,482,1.7,33.1,44.8,55,True,2017771,78036503,"Пирожное Кейк-Попс, 55г",100,0.0,0,1.000,True,2022009,78036666,"Пирожное Капкейк ягодный, 75г",0.687,2110315,78037364,"Пирожное Тыквенное, 100г",0.686
371,AUTO,strong_kbju,СПК Пирожное ТАРТ С АНАНАСАМИ,пирожное тарт с ананасами,291,3.7,14,38.1,85,True,2018326,78036504,Пирожное Тарт с ананасами 85г,100,0.0,0,1.000,True,2017772,78036505,"Пирожное Тарт с мандаринами, 85г",0.884,2009490,78036511,"Пирожное Наполеон, 140г",0.696
372,AUTO,strong_kbju,СПК Пирожное ТАРТ С МАНДАРИНАМИ,пирожное тарт с мандаринами,267,3.9,15.1,28,85,True,2017772,78036505,"Пирожное Тарт с мандаринами, 85г",100,0.0,0,1.000,True,2018326,78036504,Пирожное Тарт с ананасами 85г,0.846,2009490,78036511,"Пирожное Наполеон, 140г",0.672
373,AUTO,strong_kbju,СПК Пирожное НАПОЛЕОН,пирожное наполеон,373,5.2,22.2,38.2,140,True,2009490,78036511,"Пирожное Наполеон, 140г",100,0.0,0,1.000,True,2110315,78037364,"Пирожное Тыквенное, 100г",0.780,2022009,78036666,"Пирожное Капкейк ягодный, 75г",0.768
374,AUTO,strong_kbju,СПК Пирожное ЧИЗКЕЙК ОРЕО,пирожное чизкейк орео,360,5.5,27,25,100,True,2010812,78036512,"Пирожное Чизкейк Орео, 100г",100,0.0,0,1.000,True,2009490,78036511,"Пирожное Наполеон, 140г",0.723,1612500,78035124,"Пирожное Персик, 120г",0.670
434,REVIEW,review_threshold,СПК Американо,американо,34.6,2.6,2.5,0.4,400,True,2015855,78036382,"Айс американо, 350мл",100,0.0,50,1.000,True,1622160,78034900,"Американо, 400мл",1.000,1590851,78034434,"Американо, 200мл",0.748
375,AUTO,strong_kbju,СПК Пирожное КАПКЕЙК ЯГОДНЫЙ,пирожное капкейк ягодный,360,4.4,24,32.3,75,True,2022009,78036666,"Пирожное Капкейк ягодный, 75г",100,0.0,0,1.000,True,2022010,78036667,"Пирожное Капкейк лимонный, 75г",0.901,2009490,78036511,"Пирожное Наполеон, 140г",0.768
376,AUTO,strong_kbju,СПК Пирожное КАПКЕЙК ЛИМОННЫЙ,пирожное капкейк лимонный,360,4.8,23.6,31.1,75,True,2022010,78036667,"Пирожное Капкейк лимонный, 75г",100,0.0,0,1.000,True,2022009,78036666,"Пирожное Капкейк ягодный, 75г",0.901,2009490,78036511,"Пирожное Наполеон, 140г",0.764
377,AUTO,strong_kbju,СПК Торт ЧИЗКЕЙК БАСКСКИЙ,торт чизкейк баскский,259,4.7,16.8,22.3,86,True,2026621,78036703,"Торт Чизкейк Баскский, 86г",100,0.0,0,1.000,True,1839202,78036074,"Торт Чизкейк Клубничный Элит, 115г",0.776,2027124,78036665,"Торт Чизкейк Нью-Йорк, 125г",0.764
378,AUTO,strong_kbju,СПК Торт РИКОТТА с грушей,торт рикотта с грушей,300,4,16,35,100,True,2111169,78036794,Торт Рикотта с грушей 100г,100,0.0,0,1.000,True,2026689,78036664,"Торт Воздушный с черникой, 130г",0.761,1430495,4189743,"Сырнички с грушей и персиком Зелёная Линия, 120г",0.524
396,AUTO,strong_kbju,СПК Мини-эклер сливочный,мини эклер сливочный,390,5,33,18,27,True,2113599,78037237,"Мини-эклер сливочный, 27г",100,0.0,0,1.000,True,2113600,78037236,"Мини-эклер Шоколадный Чизкейк, 27г",0.725,2113601,78037238,"Мини-эклер ягодный, 27г",0.717
379,AUTO,strong_kbju,СПК Пирожное Тыквенное,пирожное тыквенное,410,5,26.5,39,100,True,2110315,78037364,"Пирожное Тыквенное, 100г",100,0.0,0,1.000,True,2009490,78036511,"Пирожное Наполеон, 140г",0.780,2017771,78036503,"Пирожное Кейк-Попс, 55г",0.686
380,AUTO,strong_kbju,СПК Пирожное МОТИ ЧЕРНИКА,пирожное моти черника,310,2.4,11.2,49.9,50,True,2115710,78037394,"Пирожное Моти Черника, 50г",100,0.0,0,1.000,True,2115712,78037395,"Пирожное Моти Манго, 50г",0.881,2115711,78037396,"Пирожное Моти Вишня, 50г",0.860
381,AUTO,strong_kbju,СПК Пирожное МОТИ МАНГО,пирожное моти манго,302.4,2.4,11.2,47.8,50,True,2115712,78037395,"Пирожное Моти Манго, 50г",100,0.0,0,1.000,True,2115710,78037394,"Пирожное Моти Черника, 50г",0.881,2115711,78037396,"Пирожное Моти Вишня, 50г",0.867
382,AUTO,strong_kbju,СПК Пирожное МОТИ ВИШНЯ,пирожное моти вишня,299.9,2.9,11.2,46.6,50,True,2115711,78037396,"Пирожное Моти Вишня, 50г",100,0.0,0,1.000,True,2115712,78037395,"Пирожное Моти Манго, 50г",0.867,2115710,78037394,"Пирожное Моти Черника, 50г",0.860
383,AUTO,strong_kbju,СПК Торт ЛИМОНЧЕЛЛО,торт лимончелло,400,4.5,26,37,100,True,2114268,78037463,"Торт Лимончелло, 100г",100,0.0,0,1.000,True,2027124,78036665,"Торт Чизкейк Нью-Йорк, 125г",0.634,2026689,78036664,"Торт Воздушный с черникой, 130г",0.623
384,REVIEW,review_threshold,СПК Бейгл с инд/гриб/соус.барбекю,бейгл с инд гриб соус барбекю,270,8,17,21.5,175,True,2023151,78036647,"Бейгл с индейкой грибами и соусом барбекю, 175г",83,0.0,0,0.897,True,2062772,4428531,"Соус Барбекю Перекрёсток Select, 30г",0.732,2038893,4409321,"Свинина в соусе барбекю с рисом Перекрёсток Select, 240г",0.729
627,EXTERNAL_BRAND,external_brand,OSNOVAT.КПД FOAMER ПЕНА вк.мин.сгущ.,кпд foamer пена вк мин сгущ,,,,,500,False,2119920,78037345,"Пирожное со вкусом пина колада, 70г",46,,430,0.274,False,2012013,4388200,"Драже Tasty Story со вкусом пряника, 40г",0.252,2039689,4420760,"Бризоль куриная с пенне и соусом Перекрёсток Select, 250г",0.244
385,REVIEW,review_threshold,СПК Круассан с коп.гов/сыр/соус.тер.,круассан с коп гов сыр соус тер,230,10,22.5,21.5,160,True,2022011,78036648,"Круассан с копченой говядиной сыром и соусом терияки, 160г",75,0.0,0,0.848,False,2123816,78037574,"Круассан с ветчиной, сыром и горчичным соусом, 185г",0.699,2022012,78036652,"Круассан с ветчиной и сыром, 170г",0.695
386,REVIEW,review_threshold,СПК Бейгл кр.феты/олив/вял.том/гриб.,бейгл кр феты олив вял том гриб,260,6.5,14,25,155,True,2022015,78036649,"Бейгл с кремом из феты оливками вялеными томатами и грибами, 155г",69,0.0,0,0.813,True,2024160,4407903,"Блинчики с курицей и грибами в сливочном соусе Перекрёсток Select, 400г",0.649,2020862,4407902,"Блинчики с курицей и грибами в сливочном соусе Перекрёсток Select, 160г",0.649
387,REVIEW,review_threshold,СПК Круас.сал/чор/сыр/соус.пер.чили,круас сал чор сыр соус пер чили,395,11,29,22,150,True,2028466,78036650,"Круассан с салями чоризо сыром и соусом перечный чили, 150г",74,0.0,0,0.843,True,2027006,4409322,"Паста с цыпленком в соусе Пепе Верде Перекрёсток Select, 230г",0.558,1804126,4372373,"Паста с куриным филе и соусом песто Перекрёсток Select, 250 г",0.541
388,REVIEW,review_threshold,СПК Круассан с кур/бекон/гриб.соус.,круассан с кур бекон гриб соус,310,10,21.5,19,160,True,2023201,78036651,"Круассан с курицей беконом и грибным соусом, 160г",82,0.0,0,0.893,True,2123816,78037574,"Круассан с ветчиной, сыром и горчичным соусом, 185г",0.717,2022012,78036652,"Круассан с ветчиной и сыром, 170г",0.690
389,AUTO,strong_kbju,СПК Круассан с ветчиной и сыром,круассан с ветчиной и сыром,260,7,16,23,170,True,2022012,78036652,"Круассан с ветчиной и сыром, 170г",100,0.0,0,1.000,True,2123816,78037574,"Круассан с ветчиной, сыром и горчичным соусом, 185г",0.955,1601263,4310836,"Круассан с ветчиной и сыром Перекрёсток Select, 115г",0.918
390,AUTO,strong_kbju,СПК Пирожное ТАРТАЛЕТКА С КЛУБНИКОЙ,пирожное тарталетка с клубникой,210,3,10,27,140,True,2026690,78036663,"Тарталетка С Клубникой, 140г",100,0.0,0,1.000,True,1838593,78036036,"Тарталетка Голубика, 110г",0.679,1612500,78035124,"Пирожное Персик, 120г",0.637
401,AUTO,strong_kbju,СПК Чизкейк САН-СЕБАСТЬЯН с малиной,чизкейк сан себастьян с малиной,328,5,24,23,100,True,2120246,78037347,"Чизкейк Сан-Себастьян с малиной, 100г",100,0.0,0,1.000,True,2120247,78037348,"Чизкейк Сан-Себастьян с маком и лимоном, 100г",0.904,2113600,78037236,"Мини-эклер Шоколадный Чизкейк, 27г",0.652
391,AUTO,strong_kbju,СПК Торт ВОЗДУШНЫЙ С ЧЕРНИКОЙ,торт воздушный с черникой,295,4.5,17,31,130,True,2026689,78036664,"Торт Воздушный с черникой, 130г",100,0.0,0,1.000,True,2111169,78036794,Торт Рикотта с грушей 100г,0.723,2120248,78037346,"Торт с клубникой и бананом, 105г",0.631
392,AUTO,strong_kbju,СПК Торт ЧИЗКЕЙК НЬЮ-ЙОРК,торт чизкейк нью йорк,330,5,23,27,125,True,2027124,78036665,"Торт Чизкейк Нью-Йорк, 125г",100,0.0,0,1.000,True,2118301,78036828,Пирог Чизкейк Нью-Йорк сырный 100г,0.877,2026621,78036703,"Торт Чизкейк Баскский, 86г",0.764
393,AUTO,strong_kbju,СПК Пирог ЧИЗКЕЙК ШОКОЛАДНЫЙ сырный,пирог чизкейк шоколадный сырный,320,6,18,31,100,True,2120980,78036827,Пирог Чизкейк Шоколадный сырный 100г,100,0.0,0,1.000,True,1840734,78036091,"Пирог Чизкейк Шоколадный Микс сырный, 120г",0.975,1840505,78036092,"Пирог Чизкейк Карамель и Орех сырный, 120г",0.860
394,AUTO,strong_kbju,СПК Пирог ЧИЗКЕЙК НЬЮ-ЙОРК сырный,пирог чизкейк нью йорк сырный,300,5.7,18.8,27.5,100,True,2118301,78036828,Пирог Чизкейк Нью-Йорк сырный 100г,100,0.0,0,1.000,True,2027124,78036665,"Торт Чизкейк Нью-Йорк, 125г",0.877,1840734,78036091,"Пирог Чизкейк Шоколадный Микс сырный, 120г",0.870
395,AUTO,strong_kbju,СПК Мини-эклер ШОКОЛАДНЫЙ ЧИЗКЕЙК,мини эклер шоколадный чизкейк,330,7.5,26,17,27,True,2113600,78037236,"Мини-эклер Шоколадный Чизкейк, 27г",100,0.0,0,1.000,True,1614309,78035130,"Эклер шоколадный, 80г",0.911,2120980,78036827,Пирог Чизкейк Шоколадный сырный 100г,0.761
628,EXTERNAL_BRAND,external_brand,OSNOVAT.КПД FOAMER ПЕНА вкус.ванили,кпд foamer пена вкус ванили,,,,,500,False,2012013,4388200,"Драже Tasty Story со вкусом пряника, 40г",45,,460,0.271,False,1624081,78034936,"Кофе Раф ванильный на кокосовом напитке, 200мл",0.255,1620295,78034937,"Кофе Раф ванильный на кокосовом напитке, 400мл",0.255
397,AUTO,strong_kbju,СПК Мини-эклер ягодный,мини эклер ягодный,200,4,15,12,27,True,2113601,78037238,"Мини-эклер ягодный, 27г",100,0.0,0,1.000,True,2113599,78037237,"Мини-эклер сливочный, 27г",0.717,1614306,78035128,"Эклер ванильный, 80г",0.689
398,AUTO,strong_kbju,СПК Пирожное со вк.персик-беллини,пирожное со вк персик беллини,246,3,17,27,50,True,2119926,78037344,"Пирожное со вкусом персик-беллини, 50г",95,0.0,0,0.967,True,1612500,78035124,"Пирожное Персик, 120г",0.798,2009490,78036511,"Пирожное Наполеон, 140г",0.655
399,AUTO,strong_kbju,СПК Пирожное со вкусом пина колада,пирожное со вкусом пина колада,265,3,17,25,70,True,2119920,78037345,"Пирожное со вкусом пина колада, 70г",100,0.0,0,1.000,True,2119926,78037344,"Пирожное со вкусом персик-беллини, 50г",0.835,2009490,78036511,"Пирожное Наполеон, 140г",0.655
400,AUTO,strong_kbju,СПК Торт с клубникой и бананом,торт с клубникой и бананом,267,3,11,39,105,True,2120248,78037346,"Торт с клубникой и бананом, 105г",100,0.0,0,1.000,True,2120249,78037363,"Торт с манго и маракуйя, 105г",0.763,2026690,78036663,"Тарталетка С Клубникой, 140г",0.739
409,AUTO,strong_kbju,СПк Капучино на овсяном молоке,капучино на овсяном молоке,68.6,0.3,2.8,8.5,250,True,1443269,78031242,"Капучино на овсяном молоке, 250мл",100,0.0,0,1.000,True,1440977,78031247,"Капучино на овсяном молоке, 400мл",1.000,1589271,78034440,"Капучино, 400мл",0.832
402,AUTO,strong_kbju,СПК Чизкейк САН-СЕБАСТЬЯН маком/лим.,чизкейк сан себастьян маком лим,319,5,23,23,100,True,2120247,78037348,"Чизкейк Сан-Себастьян с маком и лимоном, 100г",93,0.0,0,0.959,True,2120246,78037347,"Чизкейк Сан-Себастьян с малиной, 100г",0.878,2027124,78036665,"Торт Чизкейк Нью-Йорк, 125г",0.682
403,AUTO,strong_kbju,СПК Торт с манго и маракуйя,торт с манго и маракуйя,239,3,11,32,105,True,2120249,78037363,"Торт с манго и маракуйя, 105г",100,0.0,0,1.000,True,2120248,78037346,"Торт с клубникой и бананом, 105г",0.763,2123193,4441205,"Манго Перекрёсток Select, 140г",0.697
404,AUTO,strong_kbju,СПК Пирожное ДАБЛ МАКАРОН BS ИМБ.ПР.,пирожное дабл макарон bs имб пр,435,7.8,19,56.8,38,True,2119622,78037448,Пирожное Дабл Макарон BS Имбирный Пряник 38г,87,0.0,0,0.924,True,2119623,78037449,Пирожное Дабл Макарон BS Мандарин 38г,0.917,1836424,78035601,"Пирожное Макарон Манго-Маракуйя Сплит, 16г",0.775
405,AUTO,strong_kbju,СПК Пирожное ДАБЛ МАКАРОН BS МАНДАР.,пирожное дабл макарон bs мандар,434,7.5,19.2,57.8,38,True,2119623,78037449,Пирожное Дабл Макарон BS Мандарин 38г,91,0.0,0,0.947,True,2119622,78037448,Пирожное Дабл Макарон BS Имбирный Пряник 38г,0.917,1836424,78035601,"Пирожное Макарон Манго-Маракуйя Сплит, 16г",0.774
406,UNMATCHED,low_score,СПК Кофе АМЕРИКАНО,кофе американо,,1.2,1.3,,200,False,1622160,78034900,"Американо, 400мл",100,,200,0.600,True,1590851,78034434,"Американо, 200мл",0.600,1590126,78034436,"Американо, 400мл",0.600
407,AUTO,strong_name_no_kbju,СПК Кофе ЭСПРЕССО,кофе эспрессо,,2.4,2.3,,50,False,1590860,78034433,"Эспрессо, 50мл",100,,0,0.600,True,1352787,78007327,"Эспрессо, 50мл",0.600,2016641,78036487,"Допшот эспрессо, 50мл",0.457
408,REVIEW,review_threshold,СПк Капучино на миндальном молоке,капучино на миндальном молоке,31.6,0.7,1.5,3,250,True,1443273,78031248,"Капучино на миндальном молоке, 400мл",100,0.0,150,1.000,True,1443268,78031241,"Капучино на миндальном молоке, 200мл",1.000,1405475,78031245,"Капучино, 400мл",0.829
629,EXTERNAL_BRAND,external_brand,OSNOVAT.Какао-нап.CHOC.вк.м.ш.р.р.п.,какао нап choc вк м ш р р п,,,,,500,False,1846291,78036191,"Какао, 200мл",100,,300,0.600,True,1845758,78036192,"Какао, 400мл",0.600,1589322,78034446,Какао 200мл,0.375
410,REVIEW,review_threshold,СПк Капучино на соевом молоке,капучино на соевом молоке,51.6,3.6,2.2,3.2,250,True,1443272,78031246,"Капучино на соевом молоке, 400мл",100,0.0,150,1.000,True,1443270,78031243,"Капучино на соевом молоке, 250мл",1.000,1589271,78034440,"Капучино, 400мл",0.928
411,REVIEW,review_threshold,СПК Капучино на кокосовом молоке,капучино на кокосовом молоке,42.6,1.7,1.7,3.8,250,True,1443280,78031249,"Капучино на кокосовом молоке, 400мл",100,0.0,150,1.000,True,1443271,78031244,"Капучино на кокосовом молоке, 200мл",1.000,1589271,78034440,"Капучино, 400мл",0.897
412,AUTO,strong_kbju,СПК Кофе Капучино,кофе капучино,32,3,3.5,4.7,400,True,1405475,78031245,"Капучино, 400мл",100,0.0,0,1.000,True,1589321,78034438,"Капучино, 200мл",0.925,1612051,78034879,"Кофе Капучино, 200мл",0.919
413,AUTO,strong_kbju,СПК Капучино на соевом молоке,капучино на соевом молоке,51.6,3.6,2.2,3.2,400,True,1443272,78031246,"Капучино на соевом молоке, 400мл",100,0.0,0,1.000,True,1443270,78031243,"Капучино на соевом молоке, 250мл",1.000,1589271,78034440,"Капучино, 400мл",0.928
414,REVIEW,review_threshold,СПК Капучино на овсяном молоке,капучино на овсяном молоке,68.6,0.3,2.8,8.5,400,True,1443269,78031242,"Капучино на овсяном молоке, 250мл",100,0.0,150,1.000,True,1440977,78031247,"Капучино на овсяном молоке, 400мл",1.000,1589271,78034440,"Капучино, 400мл",0.832
415,AUTO,strong_kbju,СПК Капучино на миндальном молоке,капучино на миндальном молоке,31.6,0.7,1.5,3,400,True,1443273,78031248,"Капучино на миндальном молоке, 400мл",100,0.0,0,1.000,True,1443268,78031241,"Капучино на миндальном молоке, 200мл",1.000,1405475,78031245,"Капучино, 400мл",0.829
416,AUTO,strong_kbju,СПК Капучино на кокосовом молоке,капучино на кокосовом молоке,42.6,1.7,1.7,3.8,400,True,1443280,78031249,"Капучино на кокосовом молоке, 400мл",100,0.0,0,1.000,True,1443271,78031244,"Капучино на кокосовом молоке, 200мл",1.000,1589271,78034440,"Капучино, 400мл",0.897
417,REVIEW,review_threshold,СПК Кофе Латте,кофе латте,32,3,3.5,4.7,400,True,1407299,78031250,"Латте, 400мл",100,0.0,0,1.000,False,1609306,78034880,"Кофе Латте, 200мл",0.919,1590556,78034443,"Латте, 400мл",0.914
418,REVIEW,review_threshold,СПК Латте на миндальном молоке,латте на миндальном молоке,31.6,0.7,1.5,3,400,True,1443282,78031258,"Латте на миндальном молоке, 250мл",100,0.0,150,1.000,True,1443274,78031251,"Латте на миндальном молоке, 400мл",1.000,1590556,78034443,"Латте, 400мл",0.817
419,REVIEW,review_threshold,СПК Латте на кокосовом молоке,латте на кокосовом молоке,42.6,1.7,1.7,3.8,400,True,1443279,78031257,"Латте на кокосовом молоке, 250мл",100,0.0,150,1.000,True,1443275,78031252,"Латте на кокосовом молоке, 400мл",1.000,1590556,78034443,"Латте, 400мл",0.904
420,AUTO,strong_kbju,СПК Латте на соевом молоке,латте на соевом молоке,51.6,3.6,2.2,3.2,400,True,1443281,78031253,"Латте на соевом молоке, 400мл",100,0.0,0,1.000,True,1443278,78031256,"Латте на соевом молоке, 250мл",0.944,1590556,78034443,"Латте, 400мл",0.931
421,AUTO,strong_kbju,СПК Латте на овсяном молоке,латте на овсяном молоке,68.6,0.3,2.8,8.5,400,True,1443276,78031254,"Латте на овсяном молоке, 400мл",100,0.0,0,1.000,True,1443277,78031255,"Латте на овсяном молоке, 250мл",1.000,2025500,78036742,"Латте, 400мл",0.844
422,REVIEW,review_threshold,СПК Латте на овсяном молоке,латте на овсяном молоке,68.6,0.3,2.8,8.5,250,True,1443276,78031254,"Латте на овсяном молоке, 400мл",100,0.0,150,1.000,True,1443277,78031255,"Латте на овсяном молоке, 250мл",1.000,2025500,78036742,"Латте, 400мл",0.844
423,AUTO,strong_kbju,СПК Латте на соевом молоке,латте на соевом молоке,42,3.3,1.9,2.7,250,True,1443278,78031256,"Латте на соевом молоке, 250мл",100,0.0,0,1.000,True,1443281,78031253,"Латте на соевом молоке, 400мл",0.944,1590556,78034443,"Латте, 400мл",0.896
424,AUTO,strong_kbju,СПК Латте на кокосовом молоке,латте на кокосовом молоке,42.6,1.7,1.7,3.8,250,True,1443279,78031257,"Латте на кокосовом молоке, 250мл",100,0.0,0,1.000,True,1443275,78031252,"Латте на кокосовом молоке, 400мл",1.000,1590556,78034443,"Латте, 400мл",0.904
425,AUTO,strong_kbju,СПК Латте на миндальном молоке,латте на миндальном молоке,31.6,0.7,1.5,3,250,True,1443282,78031258,"Латте на миндальном молоке, 250мл",100,0.0,0,1.000,True,1443274,78031251,"Латте на миндальном молоке, 400мл",1.000,1590556,78034443,"Латте, 400мл",0.817
426,AUTO,strong_kbju,СПК Кофе КАПУЧИНО,кофе капучино,58,3,2.7,5.4,200,True,1612051,78034879,"Кофе Капучино, 200мл",100,0.0,0,1.000,True,1589321,78034438,"Капучино, 200мл",0.950,1589271,78034440,"Капучино, 400мл",0.948
427,AUTO,strong_kbju,СПК Кофе ЛАТТЕ,кофе латте,58,3,2.7,5.4,200,True,1609306,78034880,"Кофе Латте, 200мл",100,0.0,0,1.000,True,1590556,78034443,"Латте, 400мл",0.946,1589323,78034441,"Латте, 200мл",0.946
630,EXTERNAL_BRAND,external_brand,OSNOVAT.Конц.BER.JAM вк.бер.з.в.н.с.,конц ber jam вк бер з в н с,,,,,500,False,1847431,78036006,"Онигири запеченный с беконом в соусе унаги, 160г",41,,340,0.243,False,2116477,78037439,"Изотоник зеленый виноград с березовым соком, 350мл",0.240,2120925,78037531,"Клаб Сэндвич двойной с курицей и беконом, 100г",0.233
435,UNMATCHED,generic_a_collision,СПК Бейбичино БАБЛ ГАМ,бейбичино бабл гам,125,5.8,7.2,10.5,200,True,1800471,78034901,"Бейбичино Бабл Гам, 200мл",100,0.0,0,1.000,True,1800461,78034902,"Бейбичино Бабл Гам с овсяным напитком, 200мл",1.000,1800449,78035066,"Бейбичино Бабл Гам с миндальным напитком, 200мл",1.000
436,UNMATCHED,generic_a_collision,СПК Бейбичино БАБЛ ГАМ с овсян.нап.,бейбичино бабл гам с овсян нап,125,5.8,7.2,10.5,200,True,1800471,78034901,"Бейбичино Бабл Гам, 200мл",100,0.0,0,1.000,True,1800461,78034902,"Бейбичино Бабл Гам с овсяным напитком, 200мл",0.937,1800440,78034903,"Бейбичино Бабл Гам с соевым напитком, 200мл",0.891
437,UNMATCHED,generic_a_collision,СПК Бейбичино БАБЛ ГАМ с соев.нап.,бейбичино бабл гам с соев нап,125,5.8,7.2,10.5,200,True,1800471,78034901,"Бейбичино Бабл Гам, 200мл",100,0.0,0,1.000,True,1800440,78034903,"Бейбичино Бабл Гам с соевым напитком, 200мл",0.935,1800461,78034902,"Бейбичино Бабл Гам с овсяным напитком, 200мл",0.891
438,AUTO,strong_kbju,СПК Бейбичино ВАНИЛЬ,бейбичино ваниль,125,5.8,7.2,10.5,200,True,1800468,78034907,"Бейбичино Ваниль с овсяным напитком, 200мл",100,0.0,0,1.000,True,1800448,78034908,"Бейбичино Ваниль с соевым напитком, 200мл",1.000,1800443,78034905,"Бейбичино Ваниль с кокосовым напитком, 200мл",1.000
439,UNMATCHED,generic_a_collision,СПК Бейбичино ВАНИЛЬ с кокосов.нап.,бейбичино ваниль с кокосов нап,125,5.8,7.2,10.5,200,True,1621411,78034904,"Бейбичино Ваниль, 200мл",100,0.0,0,1.000,True,1800443,78034905,"Бейбичино Ваниль с кокосовым напитком, 200мл",0.937,1800447,78035065,"Бейбичино Бабл Гам с кокосовым напитком, 200мл",0.852
440,UNMATCHED,generic_a_collision,СПК Бейбичино ВАНИЛЬ с миндал.нап.,бейбичино ваниль с миндал нап,125,5.8,7.2,10.5,200,True,1621411,78034904,"Бейбичино Ваниль, 200мл",100,0.0,0,1.000,True,1800446,78034906,"Бейбичино Ваниль с миндальным напитком, 200мл",0.919,1800468,78034907,"Бейбичино Ваниль с овсяным напитком, 200мл",0.860
447,UNMATCHED,generic_a_collision,СПК Бейбичино ЛАВАНДА с соевым нап.,бейбичино лаванда с соевым нап,125,5.8,7.2,10.5,200,True,1800450,78034909,"Бейбичино Лаванда, 200мл",100,0.0,0,1.000,True,1800460,78034913,"Бейбичино Лаванда с соевым напитком, 200мл",0.957,1800465,78034912,"Бейбичино Лаванда с овсяным напитком, 200мл",0.909
441,UNMATCHED,generic_a_collision,СПК Бейбичино ВАНИЛЬ с овсяным нап.,бейбичино ваниль с овсяным нап,125,5.8,7.2,10.5,200,True,1621411,78034904,"Бейбичино Ваниль, 200мл",100,0.0,0,1.000,True,1800468,78034907,"Бейбичино Ваниль с овсяным напитком, 200мл",0.957,1800448,78034908,"Бейбичино Ваниль с соевым напитком, 200мл",0.906
442,UNMATCHED,generic_a_collision,СПК Бейбичино ВАНИЛЬ с соевым нап.,бейбичино ваниль с соевым нап,125,5.8,7.2,10.5,200,True,1621411,78034904,"Бейбичино Ваниль, 200мл",100,0.0,0,1.000,True,1800448,78034908,"Бейбичино Ваниль с соевым напитком, 200мл",0.956,1800468,78034907,"Бейбичино Ваниль с овсяным напитком, 200мл",0.906
443,AUTO,strong_kbju,СПК Бейбичино ЛАВАНДА,бейбичино лаванда,125,5.8,7.2,10.5,200,True,1800465,78034912,"Бейбичино Лаванда с овсяным напитком, 200мл",100,0.0,0,1.000,True,1800460,78034913,"Бейбичино Лаванда с соевым напитком, 200мл",1.000,1800450,78034909,"Бейбичино Лаванда, 200мл",1.000
444,AUTO,strong_kbju,СПК Бейбичино ЛАВАНДА с кокос.нап.,бейбичино лаванда с кокос нап,27.6,0.3,1,4.5,200,True,1800457,78034910,"Бейбичино Лаванда с кокосовым напитком, 200мл",87,0.0,0,0.919,True,2125045,4442788,"Кокос Перекрёсток Select, 80г",0.692,2123375,4441573,"Кокос  Перекрёсток Select, 170г",0.692
445,UNMATCHED,generic_a_collision,СПК Бейбичино ЛАВАНДА с миндал.нап.,бейбичино лаванда с миндал нап,125,5.8,7.2,10.5,200,True,1800450,78034909,"Бейбичино Лаванда, 200мл",100,0.0,0,1.000,True,1800454,78034911,"Бейбичино Лаванда с миндальным напитком, 200мл",0.922,1800465,78034912,"Бейбичино Лаванда с овсяным напитком, 200мл",0.865
446,UNMATCHED,generic_a_collision,СПК Бейбичино ЛАВАНДА с овсян.нап.,бейбичино лаванда с овсян нап,125,5.8,7.2,10.5,200,True,1800450,78034909,"Бейбичино Лаванда, 200мл",100,0.0,0,1.000,True,1800465,78034912,"Бейбичино Лаванда с овсяным напитком, 200мл",0.935,1800460,78034913,"Бейбичино Лаванда с соевым напитком, 200мл",0.887
631,EXTERNAL_BRAND,external_brand,OSNOVAT.Кон.MAT.LAT.вк.син.ан-ч.н.с.,кон mat lat вк син ан ч н с,,,,,500,False,1609621,4352869,"Смузи с манго и морковью Перекрёсток Select, 250мл",43,,250,0.259,False,2120247,78037348,"Чизкейк Сан-Себастьян с маком и лимоном, 100г",0.255,2120246,78037347,"Чизкейк Сан-Себастьян с малиной, 100г",0.248
632,EXTERNAL_BRAND,external_brand,OSNOVAT.Кон.CR.LAT.вк.тык.кр.нап.с.,кон cr lat вк тык кр нап с,,,,,500,False,2012013,4388200,"Драже Tasty Story со вкусом пряника, 40г",49,,460,0.295,False,1625211,78034896,"Айс Латте с кокосовым напитком, 350мл",0.279,1848447,4388469,"Яблоко Tasty Story с корицей вяленое, 25г",0.271
448,AUTO,strong_kbju,СПК Кофе РАФ ванильный,кофе раф ванильный,84.9,2.4,3.7,10.6,200,True,1625447,78034942,"Кофе Раф ванильный на соевом напитке, 200мл",100,0.0,0,1.000,True,1625445,78034939,"Кофе Раф ванильный на миндальном напитке, 400мл",1.000,1625443,78034938,"Кофе Раф ванильный на миндальном напитке, 200мл",1.000
449,REVIEW,review_threshold,СПК Кофе РАФ ванильный,кофе раф ванильный,84.9,2.4,3.7,10.6,400,True,1625447,78034942,"Кофе Раф ванильный на соевом напитке, 200мл",100,0.0,200,1.000,True,1625445,78034939,"Кофе Раф ванильный на миндальном напитке, 400мл",1.000,1625443,78034938,"Кофе Раф ванильный на миндальном напитке, 200мл",1.000
450,UNMATCHED,generic_a_collision,СПК Кофе РАФ ванильный на кок.нап.,кофе раф ванильный на кок нап,84.9,2.4,3.7,10.6,200,True,1619787,78034935,"Кофе Раф ванильный, 400мл",100,0.0,200,1.000,True,1613812,78034934,"Кофе Раф ванильный, 200мл",1.000,2125270,78037540,"Раф ванильный XL, 550мл",0.937
451,UNMATCHED,generic_a_collision,СПК Кофе РАФ ванильный на кок.нап.,кофе раф ванильный на кок нап,84.9,2.4,3.7,10.6,400,True,1619787,78034935,"Кофе Раф ванильный, 400мл",100,0.0,0,1.000,True,1613812,78034934,"Кофе Раф ванильный, 200мл",1.000,2125270,78037540,"Раф ванильный XL, 550мл",0.937
452,UNMATCHED,generic_a_collision,СПК Кофе РАФ ванильный на минд.нап.,кофе раф ванильный на минд нап,84.9,2.4,3.7,10.6,200,True,1619787,78034935,"Кофе Раф ванильный, 400мл",100,0.0,200,1.000,True,1613812,78034934,"Кофе Раф ванильный, 200мл",1.000,2125270,78037540,"Раф ванильный XL, 550мл",0.937
453,REVIEW,review_threshold,СПК Кофе РАФ ванильный на минд.нап.,кофе раф ванильный на минд нап,84.9,2.4,3.7,10.6,400,True,1619787,78034935,"Кофе Раф ванильный, 400мл",100,0.0,0,1.000,False,1613812,78034934,"Кофе Раф ванильный, 200мл",1.000,2125270,78037540,"Раф ванильный XL, 550мл",0.937
633,EXTERNAL_BRAND,external_brand,OSNOVAT.Конц.CR.LAT.вк.кр.кеш.б.н.с.,конц cr lat вк кр кеш б н с,,,,,500,False,1848447,4388469,"Яблоко Tasty Story с корицей вяленое, 25г",48,,475,0.286,False,2012013,4388200,"Драже Tasty Story со вкусом пряника, 40г",0.271,1610484,4354658,"Батончик Raw To Go шоколадный кешью-вишня, 45г",0.265
634,EXTERNAL_BRAND,external_brand,OSNOVAT.Конц.CR.LAT.вк.мал.нап.сух.,конц cr lat вк мал нап сух,,,,,500,False,2012013,4388200,"Драже Tasty Story со вкусом пряника, 40г",49,,460,0.295,False,1848450,4388468,"Драже Tasty Story Кешью Малина, 40г",0.279,2019104,78036193,"Какао на соевом напитке, 200мл",0.269
454,REVIEW,review_threshold,СПК Кофе РАФ ванильный на овс.нап.,кофе раф ванильный на овс нап,84.9,2.4,3.7,10.6,200,True,1619787,78034935,"Кофе Раф ванильный, 400мл",100,0.0,200,1.000,False,1613812,78034934,"Кофе Раф ванильный, 200мл",1.000,2125270,78037540,"Раф ванильный XL, 550мл",0.937
455,REVIEW,review_threshold,СПК Кофе РАФ ванильный на овс.нап.,кофе раф ванильный на овс нап,84.9,2.4,3.7,10.6,400,True,1619787,78034935,"Кофе Раф ванильный, 400мл",100,0.0,0,1.000,False,1613812,78034934,"Кофе Раф ванильный, 200мл",1.000,2125270,78037540,"Раф ванильный XL, 550мл",0.937
456,REVIEW,review_threshold,СПК Кофе РАФ ванильный на соев.нап.,кофе раф ванильный на соев нап,84.9,2.4,3.7,10.6,200,True,1619787,78034935,"Кофе Раф ванильный, 400мл",100,0.0,200,1.000,False,1613812,78034934,"Кофе Раф ванильный, 200мл",1.000,1625447,78034942,"Кофе Раф ванильный на соевом напитке, 200мл",0.945
457,REVIEW,review_threshold,СПК Кофе РАФ ванильный на соев.нап.,кофе раф ванильный на соев нап,84.9,2.4,3.7,10.6,400,True,1619787,78034935,"Кофе Раф ванильный, 400мл",100,0.0,0,1.000,False,1613812,78034934,"Кофе Раф ванильный, 200мл",1.000,1625447,78034942,"Кофе Раф ванильный на соевом напитке, 200мл",0.945
458,REVIEW,review_threshold,СПК Кофе РАФ лавандовый,кофе раф лавандовый,84.9,2.4,3.7,10.6,200,True,1800481,78034951,"Кофе Раф лавандовый на овсяном напитке, 400мл",100,0.0,200,1.000,True,1800477,78034948,"Кофе Раф лавандовый на миндальном напитке, 200мл",1.000,1800476,78034949,"Кофе Раф лавандовый на миндальном напитке, 400мл",1.000
459,AUTO,strong_kbju,СПК Кофе РАФ лавандовый,кофе раф лавандовый,84.9,2.4,3.7,10.6,400,True,1800481,78034951,"Кофе Раф лавандовый на овсяном напитке, 400мл",100,0.0,0,1.000,True,1800477,78034948,"Кофе Раф лавандовый на миндальном напитке, 200мл",1.000,1800476,78034949,"Кофе Раф лавандовый на миндальном напитке, 400мл",1.000
460,UNMATCHED,generic_a_collision,СПК Кофе РАФ лавандовый на кок.нап.,кофе раф лавандовый на кок нап,84.9,2.4,3.7,10.6,200,True,1621685,78034945,"Раф кофе лавандовый, 400мл",100,0.0,200,1.000,True,1617764,78034944,"Раф кофе лавандовый, 200мл",1.000,2125273,78037543,"Раф лавандовый XL, 550мл",0.941
461,REVIEW,review_threshold,СПК Кофе РАФ лаван.на кокос.нап.,кофе раф лаван на кокос нап,84.9,2.4,3.7,10.6,400,True,1800473,78034946,"Кофе Раф лавандовый на кокосовом напитке, 200мл",81,0.0,200,0.884,False,1800464,78034947,"Кофе Раф лавандовый на кокосовом напитке, 400мл",0.884,1624081,78034936,"Кофе Раф ванильный на кокосовом напитке, 200мл",0.800
462,UNMATCHED,generic_a_collision,СПК Кофе РАФ лавандовый на мин.нап.,кофе раф лавандовый на мин нап,84.9,2.4,3.7,10.6,200,True,1621685,78034945,"Раф кофе лавандовый, 400мл",100,0.0,200,1.000,True,1617764,78034944,"Раф кофе лавандовый, 200мл",1.000,2125273,78037543,"Раф лавандовый XL, 550мл",0.941
463,UNMATCHED,generic_a_collision,СПК Кофе РАФ лавандовый на мин.нап.,кофе раф лавандовый на мин нап,84.9,2.4,3.7,10.6,400,True,1621685,78034945,"Раф кофе лавандовый, 400мл",100,0.0,0,1.000,True,1617764,78034944,"Раф кофе лавандовый, 200мл",1.000,2125273,78037543,"Раф лавандовый XL, 550мл",0.941
464,REVIEW,review_threshold,СПК Кофе РАФ лавандовый на овс.нап.,кофе раф лавандовый на овс нап,84.9,2.4,3.7,10.6,200,True,1621685,78034945,"Раф кофе лавандовый, 400мл",100,0.0,200,1.000,False,1617764,78034944,"Раф кофе лавандовый, 200мл",1.000,2125273,78037543,"Раф лавандовый XL, 550мл",0.941
465,REVIEW,review_threshold,СПК Кофе РАФ лавандовый на овс.нап.,кофе раф лавандовый на овс нап,84.9,2.4,3.7,10.6,400,True,1621685,78034945,"Раф кофе лавандовый, 400мл",100,0.0,0,1.000,False,1617764,78034944,"Раф кофе лавандовый, 200мл",1.000,2125273,78037543,"Раф лавандовый XL, 550мл",0.941
466,REVIEW,review_threshold,СПК Кофе РАФ лаванд.на соевом нап.,кофе раф лаванд на соевом нап,84.9,2.4,3.7,10.6,200,True,1800467,78035067,"Кофе Раф лавандовый на соевом напитке, 400мл",88,0.0,200,0.927,False,1800458,78034952,"Кофе Раф лавандовый на соевом напитке, 200мл",0.927,1800481,78034951,"Кофе Раф лавандовый на овсяном напитке, 400мл",0.884
467,AUTO,strong_kbju,СПК Флэт уайт с кокосовым напитком,флэт уайт с кокосовым напитком,158,3,2.7,5.4,200,True,1623256,78034953,"Флэт уайт с кокосовым напитком, 200мл",100,0.0,0,1.000,True,1800459,78034956,"Флэт уайт с соевым напитком, 200мл",0.947,1625444,78034955,"Флэт уайт с овсяным напитком, 200мл",0.917
468,AUTO,strong_kbju,СПК Флэт уайт с миндальным нап.,флэт уайт с миндальным нап,158,3,2.7,5.4,200,True,1624329,78034954,"Флэт уайт с миндальным напитком, 200мл",92,0.0,0,0.950,True,1591110,78034444,"Флэт уайт, 200мл",0.884,1620040,78034881,"Кофе Флэт Уайт, 200мл",0.806
469,AUTO,strong_kbju,СПК Флэт уайт с овсяным напитком,флэт уайт с овсяным напитком,158,3,2.7,5.4,200,True,1625444,78034955,"Флэт уайт с овсяным напитком, 200мл",100,0.0,0,1.000,True,1800459,78034956,"Флэт уайт с соевым напитком, 200мл",0.945,1623256,78034953,"Флэт уайт с кокосовым напитком, 200мл",0.917
470,AUTO,strong_kbju,СПК Флэт уайт с соевым напитком,флэт уайт с соевым напитком,158,3,2.7,5.4,200,True,1800459,78034956,"Флэт уайт с соевым напитком, 200мл",100,0.0,0,1.000,True,1623256,78034953,"Флэт уайт с кокосовым напитком, 200мл",0.947,1625444,78034955,"Флэт уайт с овсяным напитком, 200мл",0.945
471,AUTO,strong_kbju,СПК Эспрессо ТОНИК,эспрессо тоник,189,5.1,5.2,47,350,True,1625208,78034957,"Эспрессо тоник, 350мл",100,0.0,0,1.000,True,1625207,78035078,"Матча Тоник, 350мл",0.775,1590860,78034433,"Эспрессо, 50мл",0.739
472,UNMATCHED,generic_a_collision,СПК Бейбичино БАБЛ ГАМ с кокос.нап.,бейбичино бабл гам с кокос нап,125,5.8,7.2,10.5,200,True,1800471,78034901,"Бейбичино Бабл Гам, 200мл",100,0.0,0,1.000,True,1800447,78035065,"Бейбичино Бабл Гам с кокосовым напитком, 200мл",0.922,1800461,78034902,"Бейбичино Бабл Гам с овсяным напитком, 200мл",0.880
473,UNMATCHED,generic_a_collision,СПК Бейбичино БАБЛ ГАМ минд.нап.,бейбичино бабл гам минд нап,125,5.8,7.2,10.5,200,True,1800471,78034901,"Бейбичино Бабл Гам, 200мл",100,0.0,0,1.000,True,1800449,78035066,"Бейбичино Бабл Гам с миндальным напитком, 200мл",0.884,1800461,78034902,"Бейбичино Бабл Гам с овсяным напитком, 200мл",0.880
474,REVIEW,review_threshold,СПК Кофе РАФ лаванд.на соевом нап.,кофе раф лаванд на соевом нап,84.9,2.4,3.7,10.6,400,True,1800467,78035067,"Кофе Раф лавандовый на соевом напитке, 400мл",88,0.0,0,0.927,False,1800458,78034952,"Кофе Раф лавандовый на соевом напитке, 200мл",0.927,1800481,78034951,"Кофе Раф лавандовый на овсяном напитке, 400мл",0.884
475,REVIEW,review_threshold,СПК Матча ЛАТТЕ,матча латте,69,2.7,3,7.8,200,True,2036169,78036409,"Матча латте пряная с овсяным напитком, 200мл",100,38.0,0,0.848,True,2035973,78036410,"Матча латте пряная  с овсяным напитком, 400мл",0.848,2037714,78036406,"Матча латте пряная с кокосовым напитком, 400мл",0.775
476,REVIEW,review_threshold,СПК Матча ЛАТТЕ,матча латте,69,2.7,3,7.8,400,True,2036169,78036409,"Матча латте пряная с овсяным напитком, 200мл",100,38.0,200,0.848,True,2035973,78036410,"Матча латте пряная  с овсяным напитком, 400мл",0.848,2037714,78036406,"Матча латте пряная с кокосовым напитком, 400мл",0.775
477,UNMATCHED,generic_a_collision,СПК Матча ЛАТТЕ с кокосовым нап.,матча латте с кокосовым нап,69,2.7,3,7.8,200,True,1800452,78035069,"Матча Латте, 400мл",100,0.0,200,1.000,True,1621413,78035068,"Матча Латте, 200мл",1.000,1590556,78034443,"Латте, 400мл",0.916
478,UNMATCHED,generic_a_collision,СПК Матча ЛАТТЕ на кокосовом нап.,матча латте на кокосовом нап,69,2.7,3,7.8,400,True,1800452,78035069,"Матча Латте, 400мл",100,0.0,0,1.000,True,1621413,78035068,"Матча Латте, 200мл",1.000,1590556,78034443,"Латте, 400мл",0.916
479,UNMATCHED,generic_a_collision,СПК Матча ЛАТТЕ с миндальным нап.,матча латте с миндальным нап,69,2.7,3,7.8,200,True,1800452,78035069,"Матча Латте, 400мл",100,0.0,200,1.000,True,1621413,78035068,"Матча Латте, 200мл",1.000,1590556,78034443,"Латте, 400мл",0.916
480,REVIEW,review_threshold,СПК Матча ЛАТТЕ с миндальным нап.,матча латте с миндальным нап,69,2.7,3,7.8,400,True,1800452,78035069,"Матча Латте, 400мл",100,0.0,0,1.000,False,1621413,78035068,"Матча Латте, 200мл",1.000,1590556,78034443,"Латте, 400мл",0.916
481,REVIEW,review_threshold,СПК Матча ЛАТТЕ с овсяным напитком,матча латте с овсяным напитком,69,2.7,3,7.8,200,True,1800452,78035069,"Матча Латте, 400мл",100,0.0,200,1.000,False,1800442,78035074,"Матча Латте с овсяным напитком, 200мл",1.000,2025500,78036742,"Латте, 400мл",0.896
482,REVIEW,review_threshold,СПК Матча ЛАТТЕ с овсяным напитком,матча латте с овсяным напитком,69,2.7,3,7.8,400,True,1800452,78035069,"Матча Латте, 400мл",100,0.0,0,1.000,False,1800442,78035074,"Матча Латте с овсяным напитком, 200мл",1.000,2025500,78036742,"Латте, 400мл",0.896
483,REVIEW,review_threshold,СПК Матча ЛАТТЕ с соевым напитком,матча латте с соевым напитком,69,2.7,3,7.8,200,True,1800463,78035077,"Матча Латте с соевым напитком, 400мл",100,0.0,200,1.000,True,1800456,78035076,"Матча Латте с соевым напитком, 200мл",1.000,2025500,78036742,"Латте, 400мл",0.896
484,AUTO,strong_kbju,СПК Матча ЛАТТЕ с соевым напитком,матча латте с соевым напитком,69,2.7,3,7.8,400,True,1800463,78035077,"Матча Латте с соевым напитком, 400мл",100,0.0,0,1.000,True,1800456,78035076,"Матча Латте с соевым напитком, 200мл",1.000,2025500,78036742,"Латте, 400мл",0.896
485,AUTO,strong_kbju,СПК Матча ТОНИК,матча тоник,189,5.1,5.2,47,350,True,1625207,78035078,"Матча Тоник, 350мл",100,0.0,0,1.000,True,1800452,78035069,"Матча Латте, 400мл",0.546,1621413,78035068,"Матча Латте, 200мл",0.546
486,AUTO,strong_name_no_kbju,СПК Матча-латте холодный,матча латте холодный,58,3,2.7,5.4,350,True,1625206,78035083,"Матча-латте холодный с соевым напитком, 350мл",100,12.7,0,0.949,True,1800452,78035069,"Матча Латте, 400мл",0.933,1625210,78035080,"Матча-латте холодный с кокосовым напитком, 350мл",0.933
487,REVIEW,review_threshold,СПК Матча-латте холодный с кок.нап.,матча латте холодный с кок нап,69,2.7,3,7.8,350,True,1800452,78035069,"Матча Латте, 400мл",100,0.0,50,1.000,False,1621413,78035068,"Матча Латте, 200мл",1.000,1625199,78035079,"Матча-латте холодный, 350мл",0.933
488,REVIEW,review_threshold,СПК Матча-латте холод.минд.нап.,матча латте холод минд нап,69,2.7,3,7.8,350,True,1800452,78035069,"Матча Латте, 400мл",100,0.0,50,1.000,False,1621413,78035068,"Матча Латте, 200мл",1.000,1590556,78034443,"Латте, 400мл",0.916
489,REVIEW,review_threshold,СПК Матча-латте холодный с овс.нап.,матча латте холодный с овс нап,69,2.7,3,7.8,350,True,1800452,78035069,"Матча Латте, 400мл",100,0.0,50,1.000,False,1621413,78035068,"Матча Латте, 200мл",1.000,1625199,78035079,"Матча-латте холодный, 350мл",0.933
490,REVIEW,review_threshold,СПК Матча-латте холодный соев.нап.,матча латте холодный соев нап,58,2.7,3,7.8,350,True,1800452,78035069,"Матча Латте, 400мл",100,4.0,50,0.984,False,1621413,78035068,"Матча Латте, 200мл",0.984,1625199,78035079,"Матча-латте холодный, 350мл",0.949
491,UNMATCHED,generic_a_collision,СПК Чай зеленый,чай зеленый,1.5,0.2,0.1,0.1,400,True,1621919,78035084,"Чай зелёный, 400мл",100,0.0,0,1.000,True,1621920,78035085,"Чай Молочный Улун зелёный, 400мл",1.000,1621918,78035155,"Чай зелёный с жасмином, 400мл",1.000
492,UNMATCHED,generic_a_collision,СПК Чай Молочный Улун зеленый,чай молочный улун зеленый,1.5,0.2,0.1,0.1,400,True,1621919,78035084,"Чай зелёный, 400мл",100,0.0,0,1.000,True,1621920,78035085,"Чай Молочный Улун зелёный, 400мл",1.000,1621918,78035155,"Чай зелёный с жасмином, 400мл",0.800
493,UNMATCHED,generic_a_collision,СПК Чай черный,чай черный,1.5,0.2,0.1,0.1,400,True,1625109,78035086,"Чай черный, 400мл",100,0.0,0,1.000,True,1621917,78035088,"Чай черный с персиком и имбирем, 400мл",1.000,1621916,78035087,"Чай черный с бергамотом, 400мл",1.000
494,UNMATCHED,generic_a_collision,СПК Чай черный с бергамотом,чай черный с бергамотом,1.5,0.2,0.1,0.1,400,True,1625109,78035086,"Чай черный, 400мл",100,0.0,0,1.000,True,1621916,78035087,"Чай черный с бергамотом, 400мл",1.000,1621917,78035088,"Чай черный с персиком и имбирем, 400мл",0.811
495,UNMATCHED,generic_a_collision,СПК Чай черный с персиком/имбирем,чай черный с персиком имбирем,1.5,0.2,0.1,0.1,400,True,1625109,78035086,"Чай черный, 400мл",100,0.0,0,1.000,True,1621917,78035088,"Чай черный с персиком и имбирем, 400мл",1.000,1621916,78035087,"Чай черный с бергамотом, 400мл",0.815
496,REVIEW,review_threshold,СПК Напиток с манго/марак/апел.гор.,напиток с манго марак апел гор,38.2,0.4,0.1,8.9,400,True,1624323,78035150,"Напиток с манго маракуйей и апельсином горячий, 400мл",79,0.0,0,0.874,True,2123193,4441205,"Манго Перекрёсток Select, 140г",0.805,2113382,78037324,"Напиток горячий с манго и малиной, 400мл",0.649
497,REVIEW,review_threshold,СПК Напиток с медом/имбир/лим.гор.,напиток с медом имбир лим гор,58.5,0.4,0.1,14,400,True,1624446,78035151,"Напиток с медом имбирем и лимоном горячий, 400мл",83,0.0,0,0.897,True,2113382,78037324,"Напиток горячий с манго и малиной, 400мл",0.680,2015962,78036423,Напиток чайный с имбирем и лимоном 400мл,0.654
498,REVIEW,review_threshold,СПК Напиток с облепихой/кор/яб.гор.,напиток с облепихой кор яб гор,66.3,0.5,2,2.9,400,True,1624324,78035152,"Напиток с облепихой корицей и яблоком горячий, 400мл",80,0.0,0,0.880,True,2113382,78037324,"Напиток горячий с манго и малиной, 400мл",0.561,2113381,78037325,"Напиток горячий с черникой и яблоком, 400мл",0.553
499,UNMATCHED,generic_a_collision,СПК Чай зеленый с жасмином,чай зеленый с жасмином,1.5,0.2,0.1,0.1,400,True,1621919,78035084,"Чай зелёный, 400мл",100,0.0,0,1.000,True,1621918,78035155,"Чай зелёный с жасмином, 400мл",1.000,1621920,78035085,"Чай Молочный Улун зелёный, 400мл",0.800
500,REVIEW,review_threshold,СПК Латте МАЛИНА МОЖЖЕВЕЛЬНИК,латте малина можжевельник,92,4.3,4.5,8.5,400,True,2025500,78036742,"Латте, 400мл",100,0.0,0,1.000,False,2033483,78035799,"Латте Малина Можжевельник с соевым напитком, 400мл",0.809,1852056,78035795,"Латте Малина Можжевельник с миндальным напитком, 400мл",0.809
501,REVIEW,review_threshold,СПК Латте МАЛИНА МОЖЖ.С КОКОС.НАП.,латте малина можж с кокос нап,42.7,1.5,2.2,6.7,400,True,1590556,78034443,"Латте, 400мл",100,30.3,0,0.879,False,1589323,78034441,"Латте, 200мл",0.879,2025500,78036742,"Латте, 400мл",0.809
502,REVIEW,review_threshold,СПК Латте МАЛИНА МОЖЖ.С МИНД .НАП.,латте малина можж с минд нап,42.7,1.5,2.2,6.7,400,True,1590556,78034443,"Латте, 400мл",100,30.3,0,0.879,False,1589323,78034441,"Латте, 200мл",0.879,1407299,78031250,"Латте, 400мл",0.858
503,REVIEW,review_threshold,СПК Латте МАЛИНА МОЖЖ.С ОВС.НАП.,латте малина можж с овс нап,42.7,1.5,2.2,6.7,400,True,1590556,78034443,"Латте, 400мл",100,30.3,0,0.879,False,1589323,78034441,"Латте, 200мл",0.879,1407299,78031250,"Латте, 400мл",0.858
635,NOT_DISH,packaging,Стакан двухслойный,стакан двухслойный,,,,,200,False,,,,,,,,False,,,,,,,,
504,REVIEW,review_threshold,СПК Латте МАЛИНА МОЖЖ.С СОЕВЫМ НАП.,латте малина можж с соевым нап,42.7,1.5,2.2,6.7,400,True,2033483,78035799,"Латте Малина Можжевельник с соевым напитком, 400мл",82,0.0,0,0.894,False,1590556,78034443,"Латте, 400мл",0.879,1589323,78034441,"Латте, 200мл",0.879
505,REVIEW,review_threshold,СПК Латте МОРКОВНЫЙ ПИРОГ,латте морковный пирог,92,4.3,4.5,8.5,400,True,2025500,78036742,"Латте, 400мл",100,0.0,0,1.000,False,1838833,78035801,"Латте Морковный Пирог, 400мл",1.000,1407299,78031250,"Латте, 400мл",0.838
506,REVIEW,review_threshold,СПК Латте СМОРОДИНА РОЗМАРИН,латте смородина розмарин,92,4.3,4.5,8.5,400,True,2025500,78036742,"Латте, 400мл",100,0.0,0,1.000,False,1839203,78035811,"Латте Смородина Розмарин, 400мл",1.000,1407299,78031250,"Латте, 400мл",0.838
507,REVIEW,review_threshold,СПК Латте спелая вишня,латте спелая вишня,92,4.3,4.5,8.5,400,True,2025500,78036742,"Латте, 400мл",100,0.0,0,1.000,False,1838832,78035821,"Латте спелая вишня, 400мл",1.000,1407299,78031250,"Латте, 400мл",0.838
508,UNMATCHED,generic_a_collision,СПК Раф СОЛЕНАЯ КАРАМЕЛЬ С ОРЕХАМИ,раф соленая карамель с орехами,84.9,2.4,3.7,10.6,200,True,2125274,78037600,"Раф соленая карамель с орехами XL, 550мл",100,0.1,350,1.000,True,2024569,78035836,"Раф соленая карамель с орехами с овсяным напитком, 200мл",0.932,1852652,78035839,"Раф соленая карамель с орехами с соевым напитком, 400мл",0.885
509,UNMATCHED,generic_a_collision,СПК Раф соленая карамель с орехами,раф соленая карамель с орехами,84.9,2.4,3.7,10.6,400,True,2125274,78037600,"Раф соленая карамель с орехами XL, 550мл",100,0.1,150,1.000,True,2024569,78035836,"Раф соленая карамель с орехами с овсяным напитком, 200мл",0.932,1852652,78035839,"Раф соленая карамель с орехами с соевым напитком, 400мл",0.885
510,REVIEW,review_threshold,СПК Раф соленая карам.орех.кок.нап.,раф соленая карам орех кок нап,52.7,1.5,2.2,6.7,200,True,1847294,78035832,"Раф соленая карамель с орехами с кокосовым напитком, 200мл",76,0.0,0,0.856,False,2024569,78035836,"Раф соленая карамель с орехами с овсяным напитком, 200мл",0.724,1838834,78035830,"Раф Соленая Карамель с орехами, 200мл",0.687
636,NOT_DISH,packaging,Крышка пол.пит.д/стак.д/гор/хол.нап.,крышка пол пит д стак д гор хол нап,,,,,80,False,,,,,,,,False,,,,,,,,
511,REVIEW,review_threshold,СПК Раф соленая карам.орех.кок.нап.,раф соленая карам орех кок нап,21.1,0.6,0.8,2.7,400,True,1840727,78035833,"Раф соленая карамель с орехами с кокосовым напитком, 400мл",76,0.0,0,0.856,False,1847294,78035832,"Раф соленая карамель с орехами с кокосовым напитком, 200мл",0.612,2024569,78035836,"Раф соленая карамель с орехами с овсяным напитком, 200мл",0.539
512,REVIEW,review_threshold,СПК Раф соленая карам.орех.мин.нап.,раф соленая карам орех мин нап,48.8,1.9,1.5,7,200,True,1840509,78035834,"Раф солёная карамель с орехами с миндальным напитком, 200мл",75,0.0,0,0.850,False,1853709,78035835,"Раф соленая карамель с орехами с миндальным напитком, 400мл",0.850,1847294,78035832,"Раф соленая карамель с орехами с кокосовым напитком, 200мл",0.761
513,REVIEW,review_threshold,СПК Раф соленая карам.орех.мин.нап.,раф соленая карам орех мин нап,49,1.9,1.5,7,400,True,1853709,78035835,"Раф соленая карамель с орехами с миндальным напитком, 400мл",75,0.0,0,0.850,False,1840509,78035834,"Раф солёная карамель с орехами с миндальным напитком, 200мл",0.850,1847294,78035832,"Раф соленая карамель с орехами с кокосовым напитком, 200мл",0.761
514,REVIEW,review_threshold,СПК Раф соленая карамель ор.ов.нап.,раф соленая карамель ор ов нап,73,1.7,2.8,10.5,200,True,2024569,78035836,"Раф соленая карамель с орехами с овсяным напитком, 200мл",80,0.0,0,0.880,False,2125274,78037600,"Раф соленая карамель с орехами XL, 550мл",0.811,1847294,78035832,"Раф соленая карамель с орехами с кокосовым напитком, 200мл",0.783
515,REVIEW,review_threshold,СПК Раф соленая карамель ор.ов.нап.,раф соленая карамель ор ов нап,73,1.7,2.8,10.4,400,True,2024569,78035836,"Раф соленая карамель с орехами с овсяным напитком, 200мл",80,0.2,200,0.879,False,2125274,78037600,"Раф соленая карамель с орехами XL, 550мл",0.810,1847294,78035832,"Раф соленая карамель с орехами с кокосовым напитком, 200мл",0.783
637,NOT_DISH,packaging,Стакан матовый,стакан матовый,,,,,375,False,,,,,,,,False,,,,,,,,
516,REVIEW,review_threshold,СПК Раф соленая карам.ор.соев.нап.,раф соленая карам ор соев нап,70,4,3,6.5,200,True,1852652,78035839,"Раф соленая карамель с орехами с соевым напитком, 400мл",77,0.0,200,0.864,False,1841507,78035838,"Раф соленая карамель с орехами с соевым напитком, 200мл",0.864,1838834,78035830,"Раф Соленая Карамель с орехами, 200мл",0.732
517,REVIEW,review_threshold,СПК Раф соленая карам.ор.соев.нап.,раф соленая карам ор соев нап,70,4,3,6.5,400,True,1852652,78035839,"Раф соленая карамель с орехами с соевым напитком, 400мл",77,0.0,0,0.864,False,1841507,78035838,"Раф соленая карамель с орехами с соевым напитком, 200мл",0.864,1838834,78035830,"Раф Соленая Карамель с орехами, 200мл",0.732
518,AUTO,strong_kbju,СПК Сироп для кофе,сироп для кофе,248,0,0,62,10,True,1837327,78036016,Сироп для кофе 10г,100,0.0,0,1.000,True,2107354,78036190,Фильтр-кофе 400мл,0.406,2065350,78036189,Фильтр-кофе 200мл,0.406
519,REVIEW,review_threshold,СПК Фильтр-кофе,фильтр кофе,134.9,1.8,1.9,2,200,True,2107354,78036190,Фильтр-кофе 400мл,100,0.0,200,1.000,True,2065350,78036189,Фильтр-кофе 200мл,1.000,1609306,78034880,"Кофе Латте, 200мл",0.610
520,AUTO,strong_kbju,СПК Фильтр-кофе,фильтр кофе,134.9,1.8,1.9,2,400,True,2107354,78036190,Фильтр-кофе 400мл,100,0.0,0,1.000,True,2065350,78036189,Фильтр-кофе 200мл,1.000,1609306,78034880,"Кофе Латте, 200мл",0.610
521,UNMATCHED,generic_a_collision,СПК Кафе Какао,кафе какао,92.8,3.7,3.7,11.2,200,True,1846291,78036191,"Какао, 200мл",100,0.0,0,1.000,True,1845758,78036192,"Какао, 400мл",1.000,2042583,78036199,"Какао на кокосовом напитке, 200мл",0.662
522,UNMATCHED,generic_a_collision,СПК Кафе Какао,кафе какао,92.8,3.7,3.7,11.2,400,True,1846291,78036191,"Какао, 200мл",100,0.0,200,1.000,True,1845758,78036192,"Какао, 400мл",1.000,2042583,78036199,"Какао на кокосовом напитке, 200мл",0.662
523,AUTO,strong_kbju,СПК Кафе Какао на соевом напитке,кафе какао на соевом напитке,71,1.9,1.1,13.5,200,True,2019104,78036193,"Какао на соевом напитке, 200мл",100,0.0,0,1.000,True,1846274,78036194,"Какао на соевом напитке, 400мл",1.000,1846291,78036191,"Какао, 200мл",0.841
524,REVIEW,review_threshold,СПК Кафе Какао на соевом напитке,кафе какао на соевом напитке,71,1.9,1.1,13.5,400,True,2019104,78036193,"Какао на соевом напитке, 200мл",100,0.0,200,1.000,True,1846274,78036194,"Какао на соевом напитке, 400мл",1.000,1846291,78036191,"Какао, 200мл",0.841
638,NOT_DISH,packaging,Крышка пол.пит.д/стак.д/гор/хол.нап.,крышка пол пит д стак д гор хол нап,,,,,90,False,,,,,,,,False,,,,,,,,
639,NOT_DISH,packaging,"ПЕРЕКР.SEL.Упаковка картонн.16х10х5,5см",упаковка картонн 16х10х5 5см,,,,,,False,,,,,,,,False,,,,,,,,
640,NOT_DISH,packaging,Стакан двухслойный,стакан двухслойный,,,,,400,False,,,,,,,,False,,,,,,,,
525,REVIEW,review_threshold,СПК Кафе Какао на овсяном напитке,кафе какао на овсяном напитке,74,1.7,1.8,12.8,200,True,2009258,78036196,"Какао на овсяном напитке, 400мл",100,0.0,200,1.000,True,1852472,78036195,"Какао на овсяном напитке, 200мл",1.000,1846291,78036191,"Какао, 200мл",0.862
526,AUTO,strong_kbju,СПК Кафе Какао на овсяном напитке,кафе какао на овсяном напитке,74,1.7,1.8,12.8,400,True,2009258,78036196,"Какао на овсяном напитке, 400мл",100,0.0,0,1.000,True,1852472,78036195,"Какао на овсяном напитке, 200мл",1.000,1846291,78036191,"Какао, 200мл",0.862
527,REVIEW,review_threshold,СПК Кафе Какао на миндальном нап.,кафе какао на миндальном нап,56.5,1.2,1.5,9.5,200,True,2012573,78036198,"Какао на миндальном напитке, 400мл",84,0.0,200,0.902,True,1847440,78036197,"Какао на миндальном напитке, 200мл",0.902,1846291,78036191,"Какао, 200мл",0.819
528,REVIEW,review_threshold,СПК Кафе Какао на миндальном нап.,кафе какао на миндальном нап,56.5,1.2,1.5,9.5,400,True,2012573,78036198,"Какао на миндальном напитке, 400мл",84,0.0,0,0.902,True,1847440,78036197,"Какао на миндальном напитке, 200мл",0.902,1846291,78036191,"Какао, 200мл",0.819
529,AUTO,strong_kbju,СПК Кафе Какао на кокосовом напитке,кафе какао на кокосовом напитке,63.5,2.2,1.7,9.9,200,True,2042583,78036199,"Какао на кокосовом напитке, 200мл",100,0.0,0,1.000,True,1848317,78036200,"Какао на кокосовом напитке, 400мл",1.000,1846291,78036191,"Какао, 200мл",0.862
530,REVIEW,review_threshold,СПК Кафе Какао на кокосовом напитке,кафе какао на кокосовом напитке,63.5,2.2,1.7,9.9,400,True,2042583,78036199,"Какао на кокосовом напитке, 200мл",100,0.0,200,1.000,True,1848317,78036200,"Какао на кокосовом напитке, 400мл",1.000,1846291,78036191,"Какао, 200мл",0.862
531,AUTO,strong_kbju,СПК Айс американо,айс американо,34.6,2.6,2.5,0.4,350,True,2015855,78036382,"Айс американо, 350мл",100,0.0,0,1.000,True,1622160,78034900,"Американо, 400мл",1.000,1590851,78034434,"Американо, 200мл",0.748
641,NOT_DISH,packaging,Стакан бумажный одноразовый односл.,стакан бумажный одноразовый односл,,,,,110,False,,,,,,,,False,,,,,,,,
642,NOT_DISH,packaging,Крышка полимерная одноразов.пит.окр.,крышка полимерная одноразов пит окр,,,,,63,False,,,,,,,,False,,,,,,,,
532,REVIEW,review_threshold,СПК Латте ПРЯНАЯ МАТЧА,латте пряная матча,35.8,0.1,1.5,5.7,200,True,2037714,78036406,"Матча латте пряная с кокосовым напитком, 400мл",100,1.3,200,0.995,True,2047840,78036408,"Матча латте пряная с миндальным напитком, 400мл",0.862,2031594,78036407,"Матча латте пряная с миндальным напитком, 200мл",0.862
533,AUTO,strong_kbju,СПК Латте ПРЯНАЯ МАТЧА,латте пряная матча,35.8,0.1,1.5,5.4,400,True,2037714,78036406,"Матча латте пряная с кокосовым напитком, 400мл",100,0.0,0,1.000,True,2047840,78036408,"Матча латте пряная с миндальным напитком, 400мл",0.857,2031594,78036407,"Матча латте пряная с миндальным напитком, 200мл",0.857
534,REVIEW,review_threshold,СПК Матча латте пряная с кокос.нап.,матча латте пряная с кокос нап,35.8,0.1,1.5,5.4,200,True,2013818,78036404,"Латте Пряная матча, 400 мл",100,0.0,200,1.000,True,2013817,78036403,"Латте Пряная матча, 200мл",0.995,2025500,78036742,"Латте, 400мл",0.738
535,REVIEW,review_threshold,СПК Матча латте пряная с кокос.нап.,матча латте пряная с кокос нап,35.8,0.1,1.5,5.4,400,True,2013818,78036404,"Латте Пряная матча, 400 мл",100,0.0,0,1.000,False,2013817,78036403,"Латте Пряная матча, 200мл",0.995,2025500,78036742,"Латте, 400мл",0.738
536,REVIEW,review_threshold,СПК Матча латте пряная с минд.нап.,матча латте пряная с минд нап,31.8,0.5,0.8,5.7,200,True,2013817,78036403,"Латте Пряная матча, 200мл",100,34.5,0,0.862,False,2013818,78036404,"Латте Пряная матча, 400 мл",0.857,1800452,78035069,"Матча Латте, 400мл",0.764
552,AUTO,strong_kbju,СПК Напиток чайный манго маракуйя,напиток чайный манго маракуйя,31.6,0.2,0,7.7,400,True,2015964,78036424,Напиток чайный манго маракуйя 400мл,100,0.0,0,1.000,True,2123193,4441205,"Манго Перекрёсток Select, 140г",0.735,2015962,78036423,Напиток чайный с имбирем и лимоном 400мл,0.670
537,REVIEW,review_threshold,СПК Матча латте пряная с минд.нап.,матча латте пряная с минд нап,31.8,0.5,0.8,5.7,400,True,2013817,78036403,"Латте Пряная матча, 200мл",100,34.5,200,0.862,False,2013818,78036404,"Латте Пряная матча, 400 мл",0.857,1800452,78035069,"Матча Латте, 400мл",0.764
538,REVIEW,review_threshold,СПК Матча латте пряная с овсян.нап.,матча латте пряная с овсян нап,56.1,0.3,2.1,9.1,200,True,1800452,78035069,"Матча Латте, 400мл",100,38.0,200,0.848,False,1621413,78035068,"Матча Латте, 200мл",0.848,2013817,78036403,"Латте Пряная матча, 200мл",0.831
539,REVIEW,review_threshold,СПК Матча латте пряная с овсян.нап.,матча латте пряная с овсян нап,56.1,0.3,2.1,9.1,400,True,1800452,78035069,"Матча Латте, 400мл",100,38.0,0,0.848,False,1621413,78035068,"Матча Латте, 200мл",0.848,2013817,78036403,"Латте Пряная матча, 200мл",0.831
540,REVIEW,review_threshold,СПК Матча латте пряная с соев.нап.,матча латте пряная с соев нап,31.8,0.5,0.8,5.7,200,True,2013817,78036403,"Латте Пряная матча, 200мл",100,34.5,0,0.862,False,2013818,78036404,"Латте Пряная матча, 400 мл",0.857,1800452,78035069,"Матча Латте, 400мл",0.764
551,AUTO,strong_kbju,СПК Напиток чайный с имбирем/лимон.,напиток чайный с имбирем лимон,35.3,0.2,0.1,8.6,400,True,2015962,78036423,Напиток чайный с имбирем и лимоном 400мл,89,0.0,0,0.933,True,1624446,78035151,"Напиток с медом имбирем и лимоном горячий, 400мл",0.706,2015964,78036424,Напиток чайный манго маракуйя 400мл,0.661
643,NOT_DISH,packaging,ПЕРЕК.SELECT.Стак.двух.бум.диз.зел.,перек select стак двух бум диз зел,,,,,550,False,,,,,,,,False,,,,,,,,
644,NOT_DISH,packaging,ПЕРЕК.SELECT.Стакан дв.бум.диз.роз.,перек select стакан дв бум диз роз,,,,,450,False,,,,,,,,False,,,,,,,,
541,REVIEW,review_threshold,СПК Матча латте пряная с соев.нап.,матча латте пряная с соев нап,31.8,0.5,0.8,5.7,400,True,2013817,78036403,"Латте Пряная матча, 200мл",100,34.5,200,0.862,False,2013818,78036404,"Латте Пряная матча, 400 мл",0.857,1800452,78035069,"Матча Латте, 400мл",0.764
542,UNMATCHED,generic_a_collision,СПК Чай латте пряный,чай латте пряный,78.4,3,4,7.5,200,True,2067029,78036420,Чай латте пряный с овсяным напитком 400мл,100,45.9,200,0.816,True,2067026,78036419,"Чай латте пряный с овсяным напитком, 200мл",0.816,2067027,78036493,Чай Латте пряный с кокосовым напитком 200мл,0.758
543,UNMATCHED,generic_a_collision,СПК Чай латте пряный,чай латте пряный,78.4,3,4,7.5,400,True,2067029,78036420,Чай латте пряный с овсяным напитком 400мл,100,45.9,0,0.816,True,2067026,78036419,"Чай латте пряный с овсяным напитком, 200мл",0.816,2067027,78036493,Чай Латте пряный с кокосовым напитком 200мл,0.758
544,REVIEW,review_threshold,СПК Чай латте пряный с кокосов.нап.,чай латте пряный с кокосов нап,35.8,0.1,1.5,5.4,400,True,1407299,78031250,"Латте, 400мл",100,44.3,0,0.823,False,1590556,78034443,"Латте, 400мл",0.801,1589323,78034441,"Латте, 200мл",0.801
545,REVIEW,review_threshold,СПК Чай латте пряный с миндал.нап.,чай латте пряный с миндал нап,31.8,0.5,0.8,5.7,200,True,1407299,78031250,"Латте, 400мл",100,44.7,200,0.821,False,1590556,78034443,"Латте, 400мл",0.780,1589323,78034441,"Латте, 200мл",0.780
645,NOT_DISH,packaging,ПЕРЕК.SELECT Стак.двух.бум.диз.гол.,перек select стак двух бум диз гол,,,,,250,False,,,,,,,,False,,,,,,,,
646,UNMATCHED,low_score,ФК Кафе Клаб Сэндвич двойн.кур/бек.,кафе клаб сэндвич двойн кур бек,,,,,200,False,2120925,78037531,"Клаб Сэндвич двойной с курицей и беконом, 100г",76,,100,0.456,False,2116059,4435181,"Клаб Сэндвич двойной с курицей и беконом Перекрёсток Select, 200г",0.456,2029149,4410398,"Клаб Сэндвич двойной с бужениной Перекрёсток Select, 180г",0.419
546,REVIEW,review_threshold,СПК Чай латте пряный с миндал.нап.,чай латте пряный с миндал нап,31.8,0.5,0.8,5.7,400,True,1407299,78031250,"Латте, 400мл",100,44.7,0,0.821,False,1590556,78034443,"Латте, 400мл",0.780,1589323,78034441,"Латте, 200мл",0.780
547,UNMATCHED,generic_a_collision,СПК Чай латте пряный с овсяным нап.,чай латте пряный с овсяным нап,56.1,0.3,2.1,9.1,200,True,2067029,78036420,Чай латте пряный с овсяным напитком 400мл,93,0.0,200,0.957,True,1590556,78034443,"Латте, 400мл",0.822,1589323,78034441,"Латте, 200мл",0.822
548,REVIEW,review_threshold,СПК Чай латте пряный с овсяным нап.,чай латте пряный с овсяным нап,56.1,0.3,2.1,9.1,400,True,2067029,78036420,Чай латте пряный с овсяным напитком 400мл,93,0.0,0,0.957,False,1590556,78034443,"Латте, 400мл",0.822,1589323,78034441,"Латте, 200мл",0.822
549,AUTO,strong_kbju,СПК Чай латте пряный с соевым нап.,чай латте пряный с соевым нап,52.8,2.7,2.3,5.3,200,True,2027916,78036421,Чай латте пряный с соевым напитком 200мл,93,0.0,0,0.956,True,1590556,78034443,"Латте, 400мл",0.952,1589323,78034441,"Латте, 200мл",0.952
550,REVIEW,review_threshold,СПК Чай латте пряный с соевым нап.,чай латте пряный с соевым нап,52.8,2.7,2.3,5.3,400,True,2027916,78036421,Чай латте пряный с соевым напитком 200мл,93,0.0,200,0.956,False,1590556,78034443,"Латте, 400мл",0.952,1589323,78034441,"Латте, 200мл",0.952
553,AUTO,strong_kbju,СПК Напиток чайный облепихой/апел.,напиток чайный облепихой апел,34.7,0.1,0.2,8.1,400,True,2015963,78036425,Напиток чайный облепихой и апельсином 400мл,91,0.0,0,0.943,True,2015962,78036423,Напиток чайный с имбирем и лимоном 400мл,0.683,2015964,78036424,Напиток чайный манго маракуйя 400мл,0.627
554,AUTO,strong_kbju,СПК Напиток чайный с клюквой/апел.,напиток чайный с клюквой апел,63.6,0,0,15.9,400,True,2015634,78036426,Напиток чайный с клюквой и апельсином 400мл,91,0.0,0,0.943,True,2015964,78036424,Напиток чайный манго маракуйя 400мл,0.589,2015962,78036423,Напиток чайный с имбирем и лимоном 400мл,0.536
555,AUTO,strong_kbju,СПК Допшот эспрессо,допшот эспрессо,34.6,2.6,2.5,0.4,50,True,2016641,78036487,"Допшот эспрессо, 50мл",100,0.0,0,1.000,True,1590860,78034433,"Эспрессо, 50мл",0.871,1352787,78007327,"Эспрессо, 50мл",0.600
556,AUTO,strong_kbju,СПК Матча латте холодная пряная,матча латте холодная пряная,35.8,0.1,1.5,5.4,350,True,2015927,78036488,"Холодная пряная матча латте, 350мл",100,0.0,0,1.000,True,2013818,78036404,"Латте Пряная матча, 400 мл",1.000,2013817,78036403,"Латте Пряная матча, 200мл",0.995
557,AUTO,strong_kbju,СПК Чай латте холодный пряный,чай латте холодный пряный,78.4,3,4,7.5,350,True,2015252,78036490,"Чай латте холодный пряный, 350мл",100,0.0,0,1.000,True,2025500,78036742,"Латте, 400мл",0.932,1407299,78031250,"Латте, 400мл",0.891
558,AUTO,strong_kbju,СПК Бейбичино с сиропом,бейбичино с сиропом,125,5.8,7.2,10.5,200,True,2020868,78036494,"Бейбичино с сиропом и растительным молоком, 200мл",100,0.0,0,1.000,True,2012575,78036492,"Бейбичино с сиропом, 200мл",1.000,1800468,78034907,"Бейбичино Ваниль с овсяным напитком, 200мл",0.840
559,REVIEW,review_threshold,СПК Чай ЛАТТЕ пряный с кокос.нап.,чай латте пряный с кокос нап,35.8,0.1,1.5,5.4,200,True,1590556,78034443,"Латте, 400мл",100,49.8,200,0.801,False,1589323,78034441,"Латте, 200мл",0.801,2025500,78036742,"Латте, 400мл",0.738
560,AUTO,strong_kbju,СПК Бейбичино с сиропом/растит.мол.,бейбичино с сиропом растит мол,125,5.8,7.2,10.5,200,True,2012575,78036492,"Бейбичино с сиропом, 200мл",100,0.0,0,1.000,True,2020868,78036494,"Бейбичино с сиропом и растительным молоком, 200мл",0.900,1621411,78034904,"Бейбичино Ваниль, 200мл",0.832
647,UNMATCHED,low_score,ФК Кафе Сэндвич с мортаделл/тв.сыр.,кафе сэндвич с мортаделл тв сыр,,,,,205,False,2128421,78037620,"Сэндвич с мортаделлой и творожным сыром, 100г",77,,105,0.463,False,1613901,4358607,"Сэндвич с ветчиной и сыром моцарелла Перекрёсток Select, 200г",0.394,2031834,4403479,"Сэндвич-ролл Цезарь с креветками Перекрёсток Select, 175г",0.343
648,UNMATCHED,low_score,Чиабатта кур.барб/соус.пес.,чиабатта кур барб соус пес,,,,,140,False,2123213,78037561,"Чиабатта с курицей барбекю и соусом песто, 140г",78,,0,0.466,False,2123212,78037576,"Чиабатта с курицей и моцарелой, 155г",0.364,1803412,4372001,"Соус Сальса Перекрёсток Select, 35г",0.320
561,REVIEW,review_threshold,СПК Латте СЕЛЕКТ,латте селект,92,4.3,4.5,8.5,400,True,2025500,78036742,"Латте, 400мл",100,0.0,0,1.000,False,1407299,78031250,"Латте, 400мл",0.838,1590556,78034443,"Латте, 400мл",0.826
562,AUTO,strong_kbju,СПК Бамбл,бамбл,123,1.1,0.3,28.7,370,True,2105597,78037139,"Бамбл, 370мл",100,0.0,0,1.000,True,2114956,78037391,"Бамбл вишневый, 370мл",0.818,2125046,4442479,"Помело Перекрёсток Select, 170г",0.351
563,AUTO,strong_kbju,СПК Напиток АЗИАТСКИЙ ПУНШ горячий,напиток азиатский пунш горячий,75,0.27,0.26,17.9,400,True,2115703,78037323,"Напиток Азиатский Пунш горячий, 400мл",100,0.0,0,1.000,True,2113381,78037325,"Напиток горячий с черникой и яблоком, 400мл",0.756,2113382,78037324,"Напиток горячий с манго и малиной, 400мл",0.697
564,AUTO,strong_kbju,СПК Напиток горячий манго/малиной,напиток горячий манго малиной,95,0.45,0.16,23,400,True,2113382,78037324,"Напиток горячий с манго и малиной, 400мл",100,0.0,0,1.000,True,2123193,4441205,"Манго Перекрёсток Select, 140г",0.818,1624323,78035150,"Напиток с манго маракуйей и апельсином горячий, 400мл",0.734
565,AUTO,strong_kbju,СПК Напиток горячий с черникой/ябл.,напиток горячий с черникой ябл,73.7,0.17,0.25,17.69,400,True,2113381,78037325,"Напиток горячий с черникой и яблоком, 400мл",93,0.0,0,0.957,True,2113382,78037324,"Напиток горячий с манго и малиной, 400мл",0.690,1624446,78035151,"Напиток с медом имбирем и лимоном горячий, 400мл",0.675
566,UNMATCHED,generic_a_collision,СПК Какао без сахара,какао без сахара,171.9,5.2,5.5,25.3,400,True,2114955,78037350,"Какао без сахара, 400мл",100,0.0,0,1.000,True,2114176,78037352,"Какао без сахара, 200мл",1.000,1846291,78036191,"Какао, 200мл",0.837
567,UNMATCHED,generic_a_collision,СПК Какао без сахара,какао без сахара,171.9,5.2,5.5,25.3,200,True,2114955,78037350,"Какао без сахара, 400мл",100,0.0,200,1.000,True,2114176,78037352,"Какао без сахара, 200мл",1.000,1846291,78036191,"Какао, 200мл",0.837
568,AUTO,strong_kbju,СПК Бамбл вишневый,бамбл вишневый,123,0.1,0.2,12.2,370,True,2114956,78037391,"Бамбл вишневый, 370мл",100,0.0,0,1.000,True,2105597,78037139,"Бамбл, 370мл",0.818,1429767,4187802,"Морс Вишневый Зелёная Линия, 500мл",0.557
569,UNMATCHED,generic_a_collision,СПК Основа МАЛИНА,основа малина,364,0,0,91,9,True,2123610,78037556,Основа Малина 25г,100,0.0,16,1.000,True,2114174,78037424,Основа Малина 9г,1.000,2113082,78037425,Основа Малина 18г,1.000
570,UNMATCHED,generic_a_collision,СПК Основа МАЛИНА,основа малина,364,0,0,91,18,True,2123610,78037556,Основа Малина 25г,100,0.0,7,1.000,True,2114174,78037424,Основа Малина 9г,1.000,2113082,78037425,Основа Малина 18г,1.000
571,UNMATCHED,generic_a_collision,СПК Основа КЕШЬЮ-БАНАН,основа кешью банан,487,1.2,22,71,9,True,2145576,78037427,Основа Кешью-Банан 18г,100,0.0,9,1.000,True,2114175,78037426,Основа Кешью-Банан 9г,1.000,2126325,78037557,"Основа для напитка Кешью с бананом, 25г",0.880
572,UNMATCHED,generic_a_collision,СПК Основа КЕШЬЮ-БАНАН,основа кешью банан,,,,,18,False,2145576,78037427,Основа Кешью-Банан 18г,100,,0,0.600,True,2114175,78037426,Основа Кешью-Банан 9г,0.600,2126325,78037557,"Основа для напитка Кешью с бананом, 25г",0.480
573,UNMATCHED,generic_a_collision,СПК Основа ТЫКВА,основа тыква,520.8,1.2,22,79.5,9,True,2127128,78037558,Основа Тыква 25г,100,0.0,16,1.000,True,2114294,78037428,Основа Тыква 9г,1.000,2113081,78037429,Основа Тыква 18г,1.000
574,UNMATCHED,generic_a_collision,СПК Основа ТЫКВА,основа тыква,520.8,1.2,22,79.5,18,True,2127128,78037558,Основа Тыква 25г,100,0.0,7,1.000,True,2114294,78037428,Основа Тыква 9г,1.000,2113081,78037429,Основа Тыква 18г,1.000
575,REVIEW,review_threshold,СПК Основа МОККО ром,основа мокко ром,305,5,9,51,15,True,2151147,78037559,Основа Мокко Ром 45г,100,0.0,30,1.000,True,2115658,78037430,Основа Мокко ром 15г,1.000,2113422,78037431,Основа Мокко ром 30г,0.820
576,AUTO,strong_kbju,СПК Основа МОККО ром,основа мокко ром,305,51,9,5,30,True,2113422,78037431,Основа Мокко ром 30г,100,0.0,0,1.000,True,2151147,78037559,Основа Мокко Ром 45г,0.820,2115658,78037430,Основа Мокко ром 15г,0.820
577,AUTO,strong_kbju,СПК Прафе протеиновый с карамелью,прафе протеиновый с карамелью,64.4,4,3.6,4,350,True,2120553,78037438,"Прафе протеиновый с карамелью, 350мл",100,0.0,0,1.000,True,1838834,78035830,"Раф Соленая Карамель с орехами, 200мл",0.637,1838831,78035831,"Раф соленая карамель с орехами, 400мл",0.637
578,REVIEW,review_threshold,СПК Изотоник зеленый виног.бер.сок.,изотоник зеленый виног бер сок,72,0.2,0,17.8,350,True,2116477,78037439,"Изотоник зеленый виноград с березовым соком, 350мл",82,0.0,0,0.893,True,1621919,78035084,"Чай зелёный, 400мл",0.569,1429767,4187802,"Морс Вишневый Зелёная Линия, 500мл",0.533
579,UNMATCHED,generic_a_collision,СПК Латте XL,латте xl,64,3.6,2.4,7,550,True,2125271,78037539,"Латте XL, 550мл",100,0.0,0,1.000,True,1590556,78034443,"Латте, 400мл",0.896,1589323,78034441,"Латте, 200мл",0.896
592,AUTO,strong_kbju,СПК Американо,американо,10.6,0.6,0.6,0.7,400,True,1590126,78034436,"Американо, 400мл",100,0.0,0,1.000,True,1590851,78034434,"Американо, 200мл",0.903,2015855,78036382,"Айс американо, 350мл",0.735
580,AUTO,strong_kbju,СПК Раф ванильный XL,раф ванильный xl,85.3,2.4,3.7,10.6,550,True,2125270,78037540,"Раф ванильный XL, 550мл",100,0.0,0,1.000,True,1625447,78034942,"Кофе Раф ванильный на соевом напитке, 200мл",0.937,1625445,78034939,"Кофе Раф ванильный на миндальном напитке, 400мл",0.937
581,AUTO,strong_kbju,СПК Капучино XL,капучино xl,60.3,3.5,2.3,6.4,550,True,2125272,78037541,"Капучино XL, 550мл",100,0.0,0,1.000,True,1589321,78034438,"Капучино, 200мл",0.908,1589271,78034440,"Капучино, 400мл",0.907
582,AUTO,strong_kbju,СПК Американо XL,американо xl,1.8,0.02,0.04,0.34,550,True,2125275,78037542,"Американо XL, 550мл",100,0.0,0,1.000,True,1622160,78034900,"Американо, 400мл",0.693,1590126,78034436,"Американо, 400мл",0.676
583,AUTO,strong_kbju,СПК Раф лавандовый XL,раф лавандовый xl,85.4,2.4,3.7,10.6,550,True,2125273,78037543,"Раф лавандовый XL, 550мл",100,0.0,0,1.000,True,1800481,78034951,"Кофе Раф лавандовый на овсяном напитке, 400мл",0.941,1800477,78034948,"Кофе Раф лавандовый на миндальном напитке, 200мл",0.941
584,UNMATCHED,generic_a_collision,СПК Основа МАЛИНА,основа малина,364,0,0,91,25,True,2123610,78037556,Основа Малина 25г,100,0.0,0,1.000,True,2114174,78037424,Основа Малина 9г,1.000,2113082,78037425,Основа Малина 18г,1.000
585,UNMATCHED,generic_a_collision,СПК Основа КЕШЬЮ-БАНАН,основа кешью банан,487,1.2,22,71,25,True,2145576,78037427,Основа Кешью-Банан 18г,100,0.0,7,1.000,True,2114175,78037426,Основа Кешью-Банан 9г,1.000,2126325,78037557,"Основа для напитка Кешью с бананом, 25г",0.880
586,UNMATCHED,generic_a_collision,СПК Основа ТЫКВА,основа тыква,520.8,1.2,22,79.5,25,True,2127128,78037558,Основа Тыква 25г,100,0.0,0,1.000,True,2114294,78037428,Основа Тыква 9г,1.000,2113081,78037429,Основа Тыква 18г,1.000
587,AUTO,strong_name_no_kbju,СПК Основа МОККО РОМ,основа мокко ром,,,,,45,False,2151147,78037559,Основа Мокко Ром 45г,100,,0,0.600,True,2115658,78037430,Основа Мокко ром 15г,0.600,2113422,78037431,Основа Мокко ром 30г,0.600
588,REVIEW,review_threshold,СПК Раф соленая карамель с орех.XL,раф соленая карамель с орех xl,85.3,2.4,3.7,10.6,550,True,2125274,78037600,"Раф соленая карамель с орехами XL, 550мл",95,0.0,0,0.971,False,1838834,78035830,"Раф Соленая Карамель с орехами, 200мл",0.940,1838831,78035831,"Раф соленая карамель с орехами, 400мл",0.940
589,UNMATCHED,low_score,СПК Чай горячий,чай горячий,14.7,2,0.5,0.5,150,True,1624324,78035152,"Напиток с облепихой корицей и яблоком горячий, 400мл",78,77.6,250,0.556,False,2115703,78037323,"Напиток Азиатский Пунш горячий, 400мл",0.555,2113381,78037325,"Напиток горячий с черникой и яблоком, 400мл",0.548
590,AUTO,strong_kbju,СПК Эспрессо,эспрессо,48,2.7,2.8,3,50,True,1590860,78034433,"Эспрессо, 50мл",100,0.0,0,1.000,True,2016641,78036487,"Допшот эспрессо, 50мл",0.871,1625208,78034957,"Эспрессо тоник, 350мл",0.739
591,REVIEW,review_threshold,СПК Американо,американо,14,0.8,0.8,0.9,200,True,1590851,78034434,"Американо, 200мл",100,0.0,0,1.000,False,1590126,78034436,"Американо, 400мл",0.903,2015855,78036382,"Айс американо, 350мл",0.748
618,EXTERNAL_BRAND,external_brand,OSNOVAT.Смесь CHOC.КАКАО БЕЗ САХ.вк.,смесь choc какао без сах вк,,,,,500,False,1846291,78036191,"Какао, 200мл",100,,300,0.600,False,1845758,78036192,"Какао, 400мл",0.600,2114955,78037350,"Какао без сахара, 400мл",0.432
593,REVIEW,review_threshold,СПК Капучино,капучино,55.1,2.8,3.1,4,200,True,1589321,78034438,"Капучино, 200мл",100,0.0,0,1.000,False,1589271,78034440,"Капучино, 400мл",0.986,1612051,78034879,"Кофе Капучино, 200мл",0.950
594,REVIEW,review_threshold,СПК Капучино,капучино,52.9,2.7,2.9,4,400,True,1589271,78034440,"Капучино, 400мл",100,0.0,0,1.000,False,1589321,78034438,"Капучино, 200мл",0.986,1612051,78034879,"Кофе Капучино, 200мл",0.948
595,UNMATCHED,generic_a_collision,СПК Латте,латте,51.6,2.6,2.8,4,200,True,2125271,78037539,"Латте XL, 550мл",100,26.1,350,0.896,True,2067029,78036420,Чай латте пряный с овсяным напитком 400мл,0.822,2067026,78036419,"Чай латте пряный с овсяным напитком, 200мл",0.822
596,UNMATCHED,generic_a_collision,СПК Латте,латте,51.6,2.6,2.8,4,400,True,2125271,78037539,"Латте XL, 550мл",100,26.1,150,0.896,True,2067029,78036420,Чай латте пряный с овсяным напитком 400мл,0.822,2067026,78036419,"Чай латте пряный с овсяным напитком, 200мл",0.822
597,REVIEW,review_threshold,СПК Флэт уайт,флэт уайт,50.4,2.6,2.8,3.7,200,True,1620040,78034881,"Кофе Флэт Уайт, 200мл",100,15.4,0,0.939,True,1800459,78034956,"Флэт уайт с соевым напитком, 200мл",0.884,1625444,78034955,"Флэт уайт с овсяным напитком, 200мл",0.884
598,UNMATCHED,generic_a_collision,СПК Какао,какао,83.2,5,4,6.8,200,True,2114955,78037350,"Какао без сахара, 400мл",100,39.0,200,0.844,True,2114176,78037352,"Какао без сахара, 200мл",0.844,2042583,78036199,"Какао на кокосовом напитке, 200мл",0.832
599,NOT_DISH,packaging,"COOKING.Молоко питьевое безл.у/п 1,8%",cooking молоко питьевое безл у п 1 8%,,,,,1,False,,,,,,,,False,,,,,,,,
600,NOT_DISH,packaging,"COOKING.Молоко питьевое безл.у/п 1,8%",cooking молоко питьевое безл у п 1 8%,,,,,1,False,,,,,,,,False,,,,,,,,
601,NOT_DISH,packaging,Сахар белый кристаллический 332221,сахар белый кристаллический 332221,,,,,5,False,,,,,,,,False,,,,,,,,
602,NOT_DISH,packaging,POETTI Кофе ESPRESSO IMP.нат.жар.зер.,poetti кофе espresso imp нат жар зер,,,,,1,False,,,,,,,,False,,,,,,,,
603,EXTERNAL_BRAND,external_brand,HERBAR.Сироп BOURBON VANILLA,сироп bourbon vanilla,,,,,0.7,False,1837327,78036016,Сироп для кофе 10г,43,,9,0.261,False,2012575,78036492,"Бейбичино с сиропом, 200мл",0.210,2012013,4388200,"Драже Tasty Story со вкусом пряника, 40г",0.171
604,UNMATCHED,generic_a_collision,Чай ПЕРСИК ИМБИРЬ черный аром.с доб.,чай персик имбирь черный аром с доб,,,,,3,False,1625109,78035086,"Чай черный, 400мл",100,,397,0.600,True,1621917,78035088,"Чай черный с персиком и имбирем, 400мл",0.473,1621916,78035087,"Чай черный с бергамотом, 400мл",0.411
605,UNMATCHED,generic_a_collision,Чай ЭРЛ ГРЕЙ черный аром.с доб.,чай эрл грей черный аром с доб,,,,,3,False,1625109,78035086,"Чай черный, 400мл",100,,397,0.600,True,1621916,78035087,"Чай черный с бергамотом, 400мл",0.411,1621917,78035088,"Чай черный с персиком и имбирем, 400мл",0.354
606,UNMATCHED,generic_a_collision,Чай ЖАСМИНОВЫЙ зеленый,чай жасминовый зеленый,,,,,3,False,1621919,78035084,"Чай зелёный, 400мл",100,,397,0.600,True,1621918,78035155,"Чай зелёный с жасмином, 400мл",0.518,1621920,78035085,"Чай Молочный Улун зелёный, 400мл",0.409
607,UNMATCHED,low_score,Чай КЕНИЯ черный листовой,чай кения черный листовой,,,,,3,False,1625109,78035086,"Чай черный, 400мл",100,,397,0.600,False,1621916,78035087,"Чай черный с бергамотом, 400мл",0.364,1621917,78035088,"Чай черный с персиком и имбирем, 400мл",0.343
608,UNMATCHED,low_score,Чай МОЛОЧНЫЙ УЛУН китайский листовой,чай молочный улун китайский листовой,,,,,3,False,1621920,78035085,"Чай Молочный Улун зелёный, 400мл",81,,397,0.486,False,1443280,78031249,"Капучино на кокосовом молоке, 400мл",0.300,1443271,78031244,"Капучино на кокосовом молоке, 200мл",0.300
609,UNMATCHED,generic_a_collision,Чай ЗЕЛЕНЫЙ КЛАССИЧЕСКИЙ китайск.лист.,чай зеленый классический китайск лист,,,,,3,False,1621919,78035084,"Чай зелёный, 400мл",100,,397,0.600,True,1621918,78035155,"Чай зелёный с жасмином, 400мл",0.400,1621920,78035085,"Чай Молочный Улун зелёный, 400мл",0.367
610,EXTERNAL_BRAND,external_brand,HERBAR.Сироп LAVANDE DE LUMIERE,сироп lavande de lumiere,,,,,700,False,1837327,78036016,Сироп для кофе 10г,43,,690,0.261,False,2012575,78036492,"Бейбичино с сиропом, 200мл",0.195,1836657,4386335,"Вафли Hanuta Haselnuss, 44г",0.183
611,EXTERNAL_BRAND,external_brand,ND PRIME Шоколад BACHENMIX горяч.тем.,шоколад bachenmix горяч тем,,,,,1,False,2009121,78036474,"Торт Шоколадно-Миндальный, 90г",46,,89,0.277,False,1840734,78036091,"Пирог Чизкейк Шоколадный Микс сырный, 120г",0.248,2120980,78036827,Пирог Чизкейк Шоколадный сырный 100г,0.248
612,NOT_DISH,packaging,PREM.Микс-соус СОЛ.КАР. х АР.ав.сух.,prem микс соус сол кар х ар ав сух,,,,,500,False,,,,,,,,False,,,,,,,,
613,UNMATCHED,low_score,Чай INNERZEE MASALA LATTE раст.,чай innerzee masala latte раст,,,,,1,False,1625109,78035086,"Чай черный, 400мл",46,,399,0.277,False,1621919,78035084,"Чай зелёный, 400мл",0.257,1840195,4385810,"Жевательная резинка Lutti Tubble Gum Cherry, 35г",0.214
614,UNMATCHED,low_score,Чай INNERZEE MATCHA LATTE SPICE раст.,чай innerzee matcha latte spice раст,,,,,1,False,1625109,78035086,"Чай черный, 400мл",46,,399,0.277,False,1621919,78035084,"Чай зелёный, 400мл",0.257,1840195,4385810,"Жевательная резинка Lutti Tubble Gum Cherry, 35г",0.213
615,EXTERNAL_BRAND,external_brand,HERBAR.Сироп THE NUTCRACKER,сироп the nutcracker,,,,,700,False,1837327,78036016,Сироп для кофе 10г,43,,690,0.261,False,1836657,4386335,"Вафли Hanuta Haselnuss, 44г",0.257,2012575,78036492,"Бейбичино с сиропом, 200мл",0.215
616,EXTERNAL_BRAND,external_brand,HERBAR.Сироп GINGERBREAD,сироп gingerbread,,,,,700,False,1837327,78036016,Сироп для кофе 10г,45,,690,0.273,False,2012575,78036492,"Бейбичино с сиропом, 200мл",0.200,1610486,4354937,"Пралине Raw To Go с арахисом, 45г",0.187
617,NOT_DISH,packaging,PREMIX.Соус АВТОР.ЯБЛ.х ЦВ.БУЗ.сух.,premix соус автор ябл х цв буз сух,,,,,500,False,,,,,,,,False,,,,,,,,
649,UNMATCHED,low_score,Чиабатта с кур/моц.охл.,чиабатта с кур моц охл,,,,,155,False,2123212,78037576,"Чиабатта с курицей и моцарелой, 155г",73,,0,0.438,False,2123213,78037561,"Чиабатта с курицей барбекю и соусом песто, 140г",0.375,2039690,4423500,"Мини-чиабатта с куриной ветчиной омлетом и сыром Перекресток Select, 255г",0.375
650,UNMATCHED,generic_a_collision,Круассан ЦЕЗАРЬ с филе цыпленка,круассан цезарь с филе цыпленка,,,,,150,False,2123815,78037575,"Круассан Цезарь с филе цыплёнка, 150г",100,,0,0.600,True,1457751,4225649,"Салат Цезарь Перекрёсток Select, 220г",0.400,1802373,4376483,"Круассан с филе копченого лосося, сливочным сыром и рукколой Перекрёсток Select, 110г",0.391
651,UNMATCHED,low_score,Круассан ветчиной/сыром/горч.соусом,круассан ветчиной сыром горч соусом,,,,,185,False,2123816,78037574,"Круассан с ветчиной, сыром и горчичным соусом, 185г",92,,0,0.554,False,2022012,78036652,"Круассан с ветчиной и сыром, 170г",0.552,1601263,4310836,"Круассан с ветчиной и сыром Перекрёсток Select, 115г",0.552
652,UNMATCHED,low_score,Круассан c форелью/твор.сыром охл.,круассан c форелью твор сыром охл,,,,,140,False,2126994,78037599,Круассан с форелью и творожным сыром 140г,80,,0,0.480,False,2022012,78036652,"Круассан с ветчиной и сыром, 170г",0.410,1601263,4310836,"Круассан с ветчиной и сыром Перекрёсток Select, 115г",0.410
653,UNMATCHED,low_score,ФК Кафе Клаб Сэндвич двойн.кур/бек.,кафе клаб сэндвич двойн кур бек,,,,,200,False,2120925,78037531,"Клаб Сэндвич двойной с курицей и беконом, 100г",76,,100,0.456,False,2116059,4435181,"Клаб Сэндвич двойной с курицей и беконом Перекрёсток Select, 200г",0.456,2029149,4410398,"Клаб Сэндвич двойной с бужениной Перекрёсток Select, 180г",0.419
654,UNMATCHED,low_score,ФК Кафе Сэндвич с мортаделл/тв.сыр.,кафе сэндвич с мортаделл тв сыр,,,,,205,False,2128421,78037620,"Сэндвич с мортаделлой и творожным сыром, 100г",77,,105,0.463,False,1613901,4358607,"Сэндвич с ветчиной и сыром моцарелла Перекрёсток Select, 200г",0.394,2031834,4403479,"Сэндвич-ролл Цезарь с креветками Перекрёсток Select, 175г",0.343
655,UNMATCHED,low_score,Чиабатта кур.барб/соус.пес.,чиабатта кур барб соус пес,,,,,140,False,2123213,78037561,"Чиабатта с курицей барбекю и соусом песто, 140г",78,,0,0.466,False,2123212,78037576,"Чиабатта с курицей и моцарелой, 155г",0.364,1803412,4372001,"Соус Сальса Перекрёсток Select, 35г",0.320
656,UNMATCHED,low_score,Чиабатта с кур/моц.охл.,чиабатта с кур моц охл,,,,,155,False,2123212,78037576,"Чиабатта с курицей и моцарелой, 155г",73,,0,0.438,False,2123213,78037561,"Чиабатта с курицей барбекю и соусом песто, 140г",0.375,2039690,4423500,"Мини-чиабатта с куриной ветчиной омлетом и сыром Перекресток Select, 255г",0.375
657,UNMATCHED,generic_a_collision,Круассан ЦЕЗАРЬ с филе цыпленка,круассан цезарь с филе цыпленка,,,,,150,False,2123815,78037575,"Круассан Цезарь с филе цыплёнка, 150г",100,,0,0.600,True,1457751,4225649,"Салат Цезарь Перекрёсток Select, 220г",0.400,1802373,4376483,"Круассан с филе копченого лосося, сливочным сыром и рукколой Перекрёсток Select, 110г",0.391
658,UNMATCHED,low_score,Круассан ветчиной/сыром/горч.соусом,круассан ветчиной сыром горч соусом,,,,,185,False,2123816,78037574,"Круассан с ветчиной, сыром и горчичным соусом, 185г",92,,0,0.554,False,2022012,78036652,"Круассан с ветчиной и сыром, 170г",0.552,1601263,4310836,"Круассан с ветчиной и сыром Перекрёсток Select, 115г",0.552
659,UNMATCHED,low_score,Круассан c форелью/твор.сыром охл.,круассан c форелью твор сыром охл,,,,,140,False,2126994,78037599,Круассан с форелью и творожным сыром 140г,80,,0,0.480,False,2022012,78036652,"Круассан с ветчиной и сыром, 170г",0.410,1601263,4310836,"Круассан с ветчиной и сыром Перекрёсток Select, 115г",0.410
660,UNMATCHED,low_score,СПК Чиабатта с вет/сыр/соус.тар-тар,чиабатта с вет сыр соус тар тар,,,,,130,False,2009493,78036514,"Чиабатта с ветчиной сыром и соусом тар-тар, 130г",83,,0,0.498,False,2123212,78037576,"Чиабатта с курицей и моцарелой, 155г",0.358,2123213,78037561,"Чиабатта с курицей барбекю и соусом песто, 140г",0.324
661,UNMATCHED,low_score,БАЛТ.ХЛ.Круас.копч.гов/сыр/тер.зам.,балт хл круас копч гов сыр тер зам,,,,,160,False,2022011,78036648,"Круассан с копченой говядиной сыром и соусом терияки, 160г",53,,0,0.321,False,2043402,4424684,"Стейк из форели на пару с отварными овощами Перекрёсток Select, 230г",0.281,1800447,78035065,"Бейбичино Бабл Гам с кокосовым напитком, 200мл",0.279
662,UNMATCHED,low_score,БАЛТ.ХЛЕБ Круас.сал/ч/с/с.п.чили зам,балт хлеб круас сал ч с с п чили зам,,,,,150,False,2028466,78036650,"Круассан с салями чоризо сыром и соусом перечный чили, 150г",51,,0,0.303,False,2123815,78037575,"Круассан Цезарь с филе цыплёнка, 150г",0.277,2127714,4441232,"Салат с кальмаром и красной икрой Перекрёсток Select, 170г",0.269
663,UNMATCHED,low_score,Изд.ГРИЛАТА брынза с зеленью зам.,изд грилата брынза с зеленью зам,,,,,100,False,1617090,78034825,"Грилата с брынзой и зеленью, 100г",85,,0,0.508,False,2107885,4429869,"Кутабы с зеленью Перекрёсток Select, 150г",0.432,1617091,78034824,"Грилата с курицей и сыром, 100г",0.318
664,AUTO,strong_name_no_kbju,Изд.ГРИЛАТА с курицей и сыром зам.,изд грилата с курицей и сыром зам,,,,,100,False,1617091,78034824,"Грилата с курицей и сыром, 100г",100,,0,0.600,True,1405242,4175864,"Вок с курицей Перекрёсток Select, 250г",0.491,1828722,4381912,"Плов с курицей Перекрёсток Select, 300г",0.470
665,AUTO,strong_name_no_kbju,СПК Пирожное Картошка,пирожное картошка,,,,,80,False,1613959,78035120,"Пирожное Картошка, 80г",100,,0,0.600,True,1612500,78035124,"Пирожное Персик, 120г",0.417,2009490,78036511,"Пирожное Наполеон, 140г",0.388
666,UNMATCHED,low_score,MACARONIKA Пирож.МАК.BS М/МАР.СП.зам.,macaronika пирож мак bs м мар сп зам,,,,,16,False,2119622,78037448,Пирожное Дабл Макарон BS Имбирный Пряник 38г,52,,22,0.315,False,2119623,78037449,Пирожное Дабл Макарон BS Мандарин 38г,0.312,1836424,78035601,"Пирожное Макарон Манго-Маракуйя Сплит, 16г",0.279
667,UNMATCHED,low_score,MACARONIKA Пирож.МАК.BS СОЛ.КАР.зам.,macaronika пирож мак bs сол кар зам,,,,,16,False,2119623,78037449,Пирожное Дабл Макарон BS Мандарин 38г,53,,22,0.317,False,1836422,78035603,"Пирожное Макарон Солёная Карамель в ассортименте, 16г",0.289,1836424,78035601,"Пирожное Макарон Манго-Маракуйя Сплит, 16г",0.283
668,UNMATCHED,low_score,MACARONIKA Пирож.МАК.BS СИЦ.ФИС.зам.,macaronika пирож мак bs сиц фис зам,,,,,16,False,1836421,78035602,"Пирожное Макарон Сицилийская Фисташка, 16г",47,,0,0.283,False,2119622,78037448,Пирожное Дабл Макарон BS Имбирный Пряник 38г,0.273,1836424,78035601,"Пирожное Макарон Манго-Маракуйя Сплит, 16г",0.250
669,UNMATCHED,low_score,ГЛОБУС ЭЛИТ Торт ЧИЗ.КЛУБ.ЭЛИТ зам.,глобус элит торт чиз клуб элит зам,,,,,1400,False,1839202,78036074,"Торт Чизкейк Клубничный Элит, 115г",63,,1285,0.379,False,2120248,78037346,"Торт с клубникой и бананом, 105г",0.327,2026621,78036703,"Торт Чизкейк Баскский, 86г",0.288
670,UNMATCHED,low_score,ГЛОБУС ЭЛИТ Пирог ЯБЛ.ЭЛИТ зам.,глобус элит пирог ябл элит зам,,,,,1450,False,1839201,78036073,"Пирог Яблочный элит, 120г",69,,1330,0.414,False,1838833,78035801,"Латте Морковный Пирог, 400мл",0.261,2113381,78037325,"Напиток горячий с черникой и яблоком, 400мл",0.256
671,AUTO,strong_name_no_kbju,СПК Тарталетка Голубика,тарталетка голубика,,,,,110,False,1838593,78036036,"Тарталетка Голубика, 110г",100,,0,0.600,True,2026690,78036663,"Тарталетка С Клубникой, 140г",0.468,2123416,4441668,"Смесь ананас-клубника-голубика Перекресток Select, 200г",0.356
672,UNMATCHED,low_score,СПК Пирожное Моти Черника,пирожное моти черника,,,,,100,False,2115710,78037394,"Пирожное Моти Черника, 50г",100,,50,0.600,True,2115711,78037396,"Пирожное Моти Вишня, 50г",0.487,2115712,78037395,"Пирожное Моти Манго, 50г",0.487
673,UNMATCHED,low_score,СПК Пирожное Моти Манго,пирожное моти манго,,,,,100,False,2123193,4441205,"Манго Перекрёсток Select, 140г",100,,40,0.600,False,2115712,78037395,"Пирожное Моти Манго, 50г",0.600,1836424,78035601,"Пирожное Макарон Манго-Маракуйя Сплит, 16г",0.509
674,UNMATCHED,low_score,СПК Пирожное Моти Вишня,пирожное моти вишня,,,,,100,False,2115711,78037396,"Пирожное Моти Вишня, 50г",100,,50,0.600,True,2115710,78037394,"Пирожное Моти Черника, 50г",0.487,2115712,78037395,"Пирожное Моти Манго, 50г",0.487
675,UNMATCHED,low_score,СПК Трубочка С ВАР.СГУЩ.МОЛОКОМ ваф.,трубочка с вар сгущ молоком ваф,,,,,85,False,2008924,78036485,"Трубочка вафельная с варёным сгущенным молоком, 85г",81,,0,0.483,False,2038055,4422949,"Говядина томленая в перечном соусе с орзо Перекрёсток Select, 270г",0.300,1430494,4189742,"Сырнички с варёной сгущенкой Зелёная Линия, 120г",0.296
676,UNMATCHED,low_score,KRISTOF Торт РИКОТТА С ГРУШЕЙ зам.,kristof торт рикотта с грушей зам,,,,,100,False,2111169,78036794,Торт Рикотта с грушей 100г,89,,0,0.536,False,2026689,78036664,"Торт Воздушный с черникой, 130г",0.310,2039520,4422205,"Котлеты из индейки с гречкой отварной Перекрёсток Select, 220г",0.291
677,UNMATCHED,low_score,BETTY'S CAKE Пирог ЧИЗК.ШОК.сыр.зам.,betty's cake пирог чизк шок сыр зам,,,,,100,False,1840734,78036091,"Пирог Чизкейк Шоколадный Микс сырный, 120г",56,,20,0.338,False,1840505,78036092,"Пирог Чизкейк Карамель и Орех сырный, 120г",0.321,2120980,78036827,Пирог Чизкейк Шоколадный сырный 100г,0.321
678,UNMATCHED,low_score,BET.CAKE Пирог ЧИЗ.НЬЮ-ЙОРК сыр.зам.,bet cake пирог чиз нью йорк сыр зам,,,,,100,False,2118301,78036828,Пирог Чизкейк Нью-Йорк сырный 100г,67,,0,0.400,False,1840505,78036092,"Пирог Чизкейк Карамель и Орех сырный, 120г",0.338,2027124,78036665,"Торт Чизкейк Нью-Йорк, 125г",0.331
679,AUTO,strong_name_no_kbju,ГРАНОЛА-ОПТ Мини-эклер сливочный зам.,гранола опт мини эклер сливочный зам,,,,,27,False,2113599,78037237,"Мини-эклер сливочный, 27г",100,,0,0.600,True,2113601,78037238,"Мини-эклер ягодный, 27г",0.429,2113600,78037236,"Мини-эклер Шоколадный Чизкейк, 27г",0.332
680,UNMATCHED,low_score,ГРАНОЛА-ОПТ Мини-эклер ШОК.ЧИЗК.зам.,гранола опт мини эклер шок чизк зам,,,,,27,False,2113601,78037238,"Мини-эклер ягодный, 27г",71,,0,0.429,False,2113599,78037237,"Мини-эклер сливочный, 27г",0.400,2113600,78037236,"Мини-эклер Шоколадный Чизкейк, 27г",0.356
681,AUTO,strong_name_no_kbju,ГРАНОЛА-ОПТ Мини-эклер ягодный зам.,гранола опт мини эклер ягодный зам,,,,,27,False,2113601,78037238,"Мини-эклер ягодный, 27г",100,,0,0.600,True,2113599,78037237,"Мини-эклер сливочный, 27г",0.400,2113600,78037236,"Мини-эклер Шоколадный Чизкейк, 27г",0.362
682,UNMATCHED,low_score,ОЗОН ВК.Чизкейк САН-СЕБ.мак/лим.зам.,озон вк чизкейк сан себ мак лим зам,,,,,100,False,2120247,78037348,"Чизкейк Сан-Себастьян с маком и лимоном, 100г",68,,0,0.405,False,2120246,78037347,"Чизкейк Сан-Себастьян с малиной, 100г",0.364,2113600,78037236,"Мини-эклер Шоколадный Чизкейк, 27г",0.319
683,UNMATCHED,low_score,ОЗОН ВК.Чизкейк САН-СЕБ.с мал.зам.,озон вк чизкейк сан себ с мал зам,,,,,100,False,2120246,78037347,"Чизкейк Сан-Себастьян с малиной, 100г",69,,0,0.412,False,2120247,78037348,"Чизкейк Сан-Себастьян с маком и лимоном, 100г",0.400,1840505,78036092,"Пирог Чизкейк Карамель и Орех сырный, 120г",0.313
684,AUTO,strong_name_no_kbju,БРИТ.ПЕК.Пирожное ТЫКВЕННОЕ зам.,брит пек пирожное тыквенное зам,,,,,100,False,2110315,78037364,"Пирожное Тыквенное, 100г",100,,0,0.600,True,1612500,78035124,"Пирожное Персик, 120г",0.417,2009490,78036511,"Пирожное Наполеон, 140г",0.384
685,AUTO,strong_name_no_kbju,KRISTOF Торт ЛИМОНЧЕЛЛО зам.,kristof торт лимончелло зам,,,,,100,False,2114268,78037463,"Торт Лимончелло, 100г",100,,0,0.600,True,1610486,4354937,"Пралине Raw To Go с арахисом, 45г",0.262,2018326,78036504,Пирожное Тарт с ананасами 85г,0.257
